,seq,mutations,energy,bin
0,TCGAGTTTACACTTTATGCTTCCGGCTCGTATAATGTGTGGAATTGTGAGCGGgTAACAATg,2,-0.2937618900000001,0
1,TCGAGTTTACACTTTATGCTTCCGGCTCGTATAATGTGTGGAATTGTGAGCGtATAACAATg,2,-0.10840477000000004,0
2,TCGAGTTTACACTTTATGCTTCCGGCTCGTATAATGTGTGGAATTGTGAGCGGATAACAAac,2,-0.9673899899999999,0
3,TCGAGTTTACACTTTATGCTTCCGGCTCGTATAATGTGTGGAATTGTGAGCGGATAcCAATc,2,-0.54354335,0
4,TCGAGTTTACACTTTATGCTTCCGGCTCGTATAATGTGTGGAATTGTGAGCGtATAACAATc,2,-0.6563027499999999,0
5,TCGAGTTTACACTTTATGCTTCCGGCTCGTATAATGTGTGGAATTGTGAGCGGATAACAAag,2,-0.41949201,0
6,TCGAGTTTACACTTTATGCTTCCGGCTCGTATAATGTGTGGcATTGTGAGCGGATAACAATg,2,-0.6218443,0
7,TCGAGTTTACACTTTATGCTTCCGGCTCGTATAATGTGTGGAATTGTGAGCGGATcACAATg,2,-0.45973577000000004,0
8,TCGAGTTTACACTTTATGCTTCCGGCTCGTATAATGTGTGGAgTTGTGAGCGGATAACAATg,2,-0.14550691000000004,0
9,TCGAGTTTACACTTTATGCTTCCGGCTCGTATAATGTGTGGAAaTGTGAGCGGATAACAATg,2,-0.08967352000000006,0
10,TCGAGTTTACACTTTATGCTTCCGGCTCGTATAATGTGTGGcATTGTGAGCGGATcACAATT,2,-0.06919215000000001,0
11,TCGAGTTTACACTTTATGCTTCCGGCTCGTATAATGTGTGGAATTGTGAGCGGATAACAAgc,2,-0.3082520999999999,0
12,TCGAGTTTACACTTTATGCTTCCGGCTCGTATAATGTGTGGAcTTGTGAGCGGATAACAATc,2,-0.52031178,0
13,TCGAGTTTACACTTTATGCTTCCGGCTCGTATAATGTGTGGAtTTGTGAGCGGATAACAATg,2,-0.3835462800000001,0
14,TCGAGTTTACACTTTATGCTTCCGGCTCGTATAATGTGTGGAATTGTGAGCGGATAACAAcc,2,-0.15965441999999996,0
15,TCGAGTTTACACTTTATGCTTCCGGCTCGTATAATGTGTGGcATTGTGAGCGGATAACAAaT,2,-0.028948390000000004,0
16,TCGAGTTTACACTTTATGCTTCCGGCTCGTATAATGTGTGGAAcTGTGAGCGGATAACAATc,2,-0.49940953,0
17,TCGAGTTTACACTTTATGCTTCCGGCTCGTATAATGTGTGGAATTGTGAGCGGATAACAtTc,2,-0.46807621999999993,0
18,TCGAGTTTACACTTTATGCTTCCGGCTCGTATAATGTGTGGAAaTGTGAGCGGATAACAATc,2,-0.6375715,0
19,TCGAGTTTACACTTTATGCTTCCGGCTCGTATAATGTGTGGAAgTGTGAGCGGATAACAATg,2,-0.14850758000000003,0
20,TCGAGTTTACACTTTATGCTTCCGGCTCGTATAATGTGTGGAgTTGTGAGCGGATAACAATc,2,-0.6934048899999999,0
21,TCGAGTTTACACTTTATGCTTCCGGCTCGTATAATGTGTGGAATTGTGAGCGGgTAACAATc,2,-0.84165987,0
22,TCGAGTTTACACTTTATGCTTCCGGCTCGTATAATGTGTGGAATTGTGAGCGGATcACAAgc,3,-0.26179390999999996,0
23,TCGAGTTTACACTTTATGCTTCCGGCTCGTATAATGTGTGGAATTGTGAGCGtATAcCAATc,3,-0.14575415999999997,0
24,TCGAGTTTACACTTTATGCTTCCGGCTCGTATAATGTGTGGAgTTGTGAGCGGATAcCAATc,3,-0.18285629999999997,0
25,TCGAGTTTACACTTTATGCTTCCGGCTCGTATAATGTGTGGAAcTGTGAGCGGATcACAATc,3,-0.45295134000000004,0
26,TCGAGTTTACACTTTATGCTTCCGGCTCGTATAATGTGTGGgcTTGTGAGCGGATAACAATc,3,-0.47527516999999997,0
27,TCGAGTTTACACTTTATGCTTCCGGCTCGTATAATGTGTGGAATTGTGAGCGtATAACAAac,3,-0.5696007999999999,0
28,TCGAGTTTACACTTTATGCTTCCGGCTCGTATAATGTGTGGcATTGTGAGCGGgTAACAATg,3,-0.40941223000000004,0
29,TCGAGTTTACACTTTATGCTTCCGGCTCGTATAATGTGTGGgATTGTGAGCGGATcACAATc,3,-0.96259714,0
30,TCGAGTTTACACTTTATGCTTCCGGCTCGTATAATGTGTGGgAcTGTGAGCGGATAACAATc,3,-0.45437291999999996,0
31,TCGAGTTTACACTTTATGCTTCCGGCTCGTATAATGTGTGGAtTTGTGAGCGGgTAACAATc,3,-0.7190121899999999,0
32,TCGAGTTTACACTTTATGCTTCCGGCTCGTATAATGTGTGGgATTGTGAGCGGATAACAAag,3,-0.37445540000000005,0
33,TCGAGTTTACACTTTATGCTTCCGGCTCGTATAATGTGTGGAAaTGTGAGCGGATAcCAATc,3,-0.12702291,0
34,TCGAGTTTACACTTTATGCTTCCGGCTCGTATAATGTGTGGAtTTGTGAGCGtATAACAATc,3,-0.5336550699999999,0
35,TCGAGTTTACACTTTATGCTTCCGGCTCGTATAATGTGTGGAcTTGTGAGCGtATAACAATc,3,-0.12252258999999999,0
36,TCGAGTTTACACTTTATGCTTCCGGCTCGTATAATGTGTGGAcgTGTGAGCGGATAACAATc,3,-0.16262540000000003,0
37,TCGAGTTTACACTTTATGCTTCCGGCTCGTATAATGTGTGGAAgTGTGAGCGGATAACAtTc,3,-0.11038983999999985,0
38,TCGAGTTTACACTTTATGCTTCCGGCTCGTATAATGTGTGGAgTTGTGAGCGGATAACAAag,3,-0.05880496000000002,0
39,TCGAGTTTACACTTTATGCTTCCGGCTCGTATAATGTGTGGAgTTGTGAGCGGgTAACAATc,3,-0.48097281999999997,0
40,TCGAGTTTACACTTTATGCTTCCGGCTCGTATAATGTGTGGgATTGTGAGCGGgTAACAATg,3,-0.24872528000000005,0
41,TCGAGTTTACACTTTATGCTTCCGGCTCGTATAATGTGTGGAAcTGTGAGCGtATAACAATc,3,-0.10162033999999998,0
42,TCGAGTTTACACTTTATGCTTCCGGCTCGTATAATGTGTGGAATTGTGAGCGtgTAACAATc,3,-0.44387067999999996,0
43,TCGAGTTTACACTTTATGCTTCCGGCTCGTATAATGTGTGGAATTGTGAGCGGATcACAAcc,3,-0.11319623000000001,0
44,TCGAGTTTACACTTTATGCTTCCGGCTCGTATAATGTGTGGcgTTGTGAGCGGATAACAAac,4,-0.72235328,0
45,TCGAGTTTACACTTTATGCTTCCGGCTCGTATAATGTGTGGcAaTGTGAGCGGATAACAtTc,4,-0.1672061199999999,0
46,TCGAGTTTACACTTTATGCTTCCGGCTCGTATAATGTGTGGAATTGTGAGCGGgTccCAATc,4,-0.28465308999999994,0
47,TCGAGTTTACACTTTATGCTTCCGGCTCGTATAATGTGTGGgAaTGTGAGCGGATcACAATc,4,-0.5460767,0
48,TCGAGTTTACACTTTATGCTTCCGGCTCGTATAATGTGTGGAtTTGTGAGCGGgTcACAATc,4,-0.6725539999999999,0
49,TCGAGTTTACACTTTATGCTTCCGGCTCGTATAATGTGTGGggaTGTGAGCGGATAACAATc,4,-0.23184783999999992,0
50,TCGAGTTTACACTTTATGCTTCCGGCTCGTATAATGTGTGGcATTGTGAGCGGATccCAATc,4,-0.6127355,0
51,TCGAGTTTACACTTTATGCTTCCGGCTCGTATAATGTGTGGAtcTGTGAGCGGgTAACAATc,4,-0.16432977999999998,0
52,TCGAGTTTACACTTTATGCTTCCGGCTCGTATAATGTGTGGAtaTGTGAGCGGATcACAATc,4,-0.46846562999999997,0
53,TCGAGTTTACACTTTATGCTTCCGGCTCGTATAATGTGTGGcATTGTGAGCGtATAACAAag,4,-0.13735316000000009,0
54,TCGAGTTTACACTTTATGCTTCCGGCTCGTATAATGTGTGGgcTTGTGAGCGGgTAACAATc,4,-0.2628431,0
55,TCGAGTTTACACTTTATGCTTCCGGCTCGTATAATGTGTGGccTTGTGAGCGGATAcCAATc,4,-0.1254135300000001,0
56,TCGAGTTTACACTTTATGCTTCCGGCTCGTATAATGTGTGGcATTGTGAGCGGAccACAATc,4,-0.06730019999999992,0
57,TCGAGTTTACACTTTATGCTTCCGGCTCGTATAATGTGTGGAAaTGTGAGCGGATAcCAAac,4,-0.04032096000000007,0
58,TCGAGTTTACACTTTATGCTTCCGGCTCGTATAATGTGTGGAAgTGTGAGCGGgTcACAATc,4,-0.43751529999999994,0
59,TCGAGTTTACACTTTATGCTTCCGGCTCGTATAATGTGTGGAgaTGTGAGCGGATAACAAac,4,-0.19018249999999992,0
60,TCGAGTTTACACTTTATGCTTCCGGCTCGTATAATGTGTGGgATTGTGAGCGGgTAACAAag,4,-0.16202333000000002,0
61,TCGAGTTTACACTTTATGCTTCCGGCTCGTATAATGTGTGGcATTGTGAGCGGgTAcCAATc,4,-0.44676161999999997,0
62,TCGAGTTTACACTTTATGCTTCCGGCTCGTATAATGTGTGGgtaTGTGAGCGGATAACAATc,4,-0.46988721,0
63,TCGAGTTTACACTTTATGCTTCCGGCTCGTATAATGTGTGGgAgTGTGAGCGGATAACAAac,4,-0.5646669999999999,0
64,TCGAGTTTACACTTTATGCTTCCGGCTCGTATAATGTGTGGAtTTGTGAGCGtATAACAAac,4,-0.44695311999999987,0
65,TCGAGTTTACACTTTATGCTTCCGGCTCGTATAATGTGTGGcAgTGTGAGCGGATAACAAac,4,-0.7253539499999999,0
66,TCGAGTTTACACTTTATGCTTCCGGCTCGTATAATGTGTGGcAaTGTGAGCGGATAACAtac,5,-0.08050416999999987,0
67,TCGAGTTTACACTTTATGCTTCCGGCTCGTATAATGTGTGGccTTGTGAGCGGATAcCAAac,5,-0.03871158000000019,0
68,TCGAGTTTACACTTTATGCTTCCGGCTCGTATAATGTGTGGcgaTGTGAGCGGATcACAATc,5,-0.34607660000000007,0
69,TCGAGTTTACACTTTATGCTTCCGGCTCGTATAATGTGTGGctaTGTGAGCGGATAACAAac,5,-0.54387221,0
70,TCGAGTTTACACTTTATGCTTCCGGCTCGTATAATGTGTGGctcTGTGAGCGtATAACAATc,5,-0.09462300000000001,0
71,TCGAGTTTACACTTTATGCTTCCGGCTCGTATAATGTGTGGctgTGTGAGCGGgTAACAATc,5,-0.47697614999999993,0
72,TCGAGTTTACACTTTATGCTTCCGGCTCGTATAATGTGTGGcATTGTGAGCGGgTcACAtac,6,-0.23813434999999994,0
73,TCGAGTTTACACTTTATGCTTCCGGCTCGTATAATGTGTGGcATTGTGAGCGGATAACAtTT,2,0.47036538,1
74,TCGAGTTTACACTTTATGCTTCCGGCTCGTATAATGTGTGGAgTTGTGAGCGGATAACAAaT,2,0.44738900000000004,1
75,TCGAGTTTACACTTTATGCTTCCGGCTCGTATAATGTGTGGAgTTGTGAGCGGATAACAATa,2,0.71993654,1
76,TCGAGTTTACACTTTATGCTTCCGGCTCGTATAATGTGTGGAAgTGTGAGCGGgTAACAATT,2,0.57011845,1
77,TCGAGTTTACACTTTATGCTTCCGGCTCGTATAATGTGTGGAATTGTGAGCGtATAcCAATT,2,0.90833778,1
78,TCGAGTTTACACTTTATGCTTCCGGCTCGTATAATGTGTGGAcTTGTGAGCGtATAACAATT,2,0.93156935,1
79,TCGAGTTTACACTTTATGCTTCCGGCTCGTATAATGTGTGGgATTGTGAGCGGATcACAATT,2,0.0914948,1
80,TCGAGTTTACACTTTATGCTTCCGGCTCGTATAATGTGTGGAATTGTGAGCGGgTAcCAATT,2,0.7229806599999999,1
81,TCGAGTTTACACTTTATGCTTCCGGCTCGTATAATGTGTGGAATTGTGAGCGcATAACAATc,2,0.7702323200000001,1
82,TCGAGTTTACACTTTATGCTTCCGGCTCGTATAATGTGTGGAATTGTGAGCGGATcACAATa,2,0.40570768,1
83,TCGAGTTTACACTTTATGCTTCCGGCTCGTATAATGTGTGGAtTTGTGAGCGGATAACAtTT,2,0.7086634,1
84,TCGAGTTTACACTTTATGCTTCCGGCTCGTATAATGTGTGGAATTGTGAGCGGgTAACAAgT,2,0.95827191,1
85,TCGAGTTTACACTTTATGCTTCCGGCTCGTATAATGTGTGGAATTGTGAGCGGATAACAAaa,2,0.44595144,1
86,TCGAGTTTACACTTTATGCTTCCGGCTCGTATAATGTGTGGAAaTGTGAGCGGATAACAAaT,2,0.50322239,1
87,TCGAGTTTACACTTTATGCTTCCGGCTCGTATAATGTGTGGAgaTGTGAGCGGATAACAATT,2,0.77720749,1
88,TCGAGTTTACACTTTATGCTTCCGGCTCGTATAATGTGTGGAcTTGTGAGCGGATAACAAaT,2,0.62048211,1
89,TCGAGTTTACACTTTATGCTTCCGGCTCGTATAATGTGTGGgATTGTGAGCGGgTAACAATT,2,0.25746868,1
90,TCGAGTTTACACTTTATGCTTCCGGCTCGTATAATGTGTGGAATTGTGAGCGGATAcCAATg,2,0.004354629999999915,1
91,TCGAGTTTACACTTTATGCTTCCGGCTCGTATAATGTGTGGgAaTGTGAGCGGATAACAATT,2,0.46155704999999997,1
92,TCGAGTTTACACTTTATGCTTCCGGCTCGTATAATGTGTGGAtTTGTGAGCGGATAACAAaT,2,0.20934963,1
93,TCGAGTTTACACTTTATGCTTCCGGCTCGTATAATGTGTGGAtaTGTGAGCGGATAACAATT,2,0.53916812,1
94,TCGAGTTTACACTTTATGCTTCCGGCTCGTATAATGTGTGGcAaTGTGAGCGGATAACAATT,2,0.3008701,1
95,TCGAGTTTACACTTTATGCTTCCGGCTCGTATAATGTGTGGAAcTGTGAGCGGATAACAtTc,3,0.08660619000000014,1
96,TCGAGTTTACACTTTATGCTTCCGGCTCGTATAATGTGTGGAATTGTGAGCGGATcgCAATg,3,0.8794630299999999,1
97,TCGAGTTTACACTTTATGCTTCCGGCTCGTATAATGTGTGGcccTGTGAGCGGATAACAATT,3,0.97281223,1
98,TCGAGTTTACACTTTATGCTTCCGGCTCGTATAATGTGTGGAATTGTGAGCGGATAACAtgg,3,0.8256616000000001,1
99,TCGAGTTTACACTTTATGCTTCCGGCTCGTATAATGTGTGGAAaTGTGAGCGtATAACAATg,3,0.30811566999999995,1
100,TCGAGTTTACACTTTATGCTTCCGGCTCGTATAATGTGTGGcATTGTGAGCGGATcACAAaT,3,0.017509799999999992,1
101,TCGAGTTTACACTTTATGCTTCCGGCTCGTATAATGTGTGGgAcTGTGAGCGGATAACAATa,3,0.95896851,1
102,TCGAGTTTACACTTTATGCTTCCGGCTCGTATAATGTGTGGAcaTGTGAGCGGATAACAATg,3,0.4441066399999999,1
103,TCGAGTTTACACTTTATGCTTCCGGCTCGTATAATGTGTGGAgTTGTGAGCGGATAACAAcg,3,0.7489306099999999,1
104,TCGAGTTTACACTTTATGCTTCCGGCTCGTATAATGTGTGGAAcTGTGAGCGGATAcCAATc,3,0.011139059999999867,1
105,TCGAGTTTACACTTTATGCTTCCGGCTCGTATAATGTGTGGAATTGTGAGCGtATAACAAgg,3,0.63743507,1
106,TCGAGTTTACACTTTATGCTTCCGGCTCGTATAATGTGTGGcATTGTGAGCGGATcACAAcT,3,0.82524537,1
107,TCGAGTTTACACTTTATGCTTCCGGCTCGTATAATGTGTGGAATTGTGAGCGtATAACAcTc,3,0.5125898799999999,1
108,TCGAGTTTACACTTTATGCTTCCGGCTCGTATAATGTGTGGAATTGTGAGCGGATAcCAAcg,3,0.8987921499999998,1
109,TCGAGTTTACACTTTATGCTTCCGGCTCGTATAATGTGTGGtgTTGTGAGCGGATAACAATc,3,0.6714504399999999,1
110,TCGAGTTTACACTTTATGCTTCCGGCTCGTATAATGTGTGGAtTTGTGAGCGGATAACAAgg,3,0.36229356,1
111,TCGAGTTTACACTTTATGCTTCCGGCTCGTATAATGTGTGGAATTGTGAGCGtATcACAATa,3,0.80349687,1
112,TCGAGTTTACACTTTATGCTTCCGGCTCGTATAATGTGTGGgATTGTGAGCGGATccCAATT,3,0.60204339,1
113,TCGAGTTTACACTTTATGCTTCCGGCTCGTATAATGTGTGGcATTGTGAGCGGATAACAAga,3,0.98943899,1
114,TCGAGTTTACACTTTATGCTTCCGGCTCGTATAATGTGTGGAgTTGTGAGCGGATAACAAgg,3,0.60033293,1
115,TCGAGTTTACACTTTATGCTTCCGGCTCGTATAATGTGTGGAcgTGTGAGCGGATAACAATg,3,0.38527257999999986,1
116,TCGAGTTTACACTTTATGCTTCCGGCTCGTATAATGTGTGGgAgTGTGAGCGGATAACAtTT,3,0.98873871,1
117,TCGAGTTTACACTTTATGCTTCCGGCTCGTATAATGTGTGGcgTTGTGAGCGGATAACAAcc,4,0.08538229000000008,1
118,TCGAGTTTACACTTTATGCTTCCGGCTCGTATAATGTGTGGcATTGTGAGCGGATcACAtTa,4,0.87607306,1
119,TCGAGTTTACACTTTATGCTTCCGGCTCGTATAATGTGTGGAtcTGTGAGCGGATAcCAATg,4,0.6816847199999998,1
120,TCGAGTTTACACTTTATGCTTCCGGCTCGTATAATGTGTGGgtaTGTGAGCGGATAACAATa,4,0.94345422,1
121,TCGAGTTTACACTTTATGCTTCCGGCTCGTATAATGTGTGGctTTGTGAGCGtATAACAATa,4,0.76403602,1
122,TCGAGTTTACACTTTATGCTTCCGGCTCGTATAATGTGTGGtATTGTGAGCGGgTcACAATc,4,0.56965365,1
123,TCGAGTTTACACTTTATGCTTCCGGCTCGTATAATGTGTGGctTTGTGAGCGGATcACAATa,4,0.41270502,1
124,TCGAGTTTACACTTTATGCTTCCGGCTCGTATAATGTGTGGgATTGTGAGCGGgcAACAATc,4,0.25936063,1
125,TCGAGTTTACACTTTATGCTTCCGGCTCGTATAATGTGTGGctTTGTGAGCGGATAcCAAaT,4,0.60424788,1
126,TCGAGTTTACACTTTATGCTTCCGGCTCGTATAATGTGTGGggTTGTGAGCGGATAgCAATc,4,0.69083052,1
127,TCGAGTTTACACTTTATGCTTCCGGCTCGTATAATGTGTGGcAgTGTGAGCGtATcACAATT,4,0.68628342,1
128,TCGAGTTTACACTTTATGCTTCCGGCTCGTATAATGTGTGGAATTGTGAGCGtATcACAAgg,4,0.6838932600000001,1
129,TCGAGTTTACACTTTATGCTTCCGGCTCGTATAATGTGTGGctTTGTGAGCGGgTAcCAATT,4,0.729978,1
130,TCGAGTTTACACTTTATGCTTCCGGCTCGTATAATGTGTGGAtTTGTGAGCGGAccACAATc,4,0.1709978200000002,1
131,TCGAGTTTACACTTTATGCTTCCGGCTCGTATAATGTGTGGAATTGTGAGCGtgTgACAATc,4,0.86739462,1
132,TCGAGTTTACACTTTATGCTTCCGGCTCGTATAATGTGTGGAtcTGTGAGCGGATcACAATg,4,0.2175943199999999,1
133,TCGAGTTTACACTTTATGCTTCCGGCTCGTATAATGTGTGGAAgTGTGAGCGGgTAACAcTc,4,0.6849191400000001,1
134,TCGAGTTTACACTTTATGCTTCCGGCTCGTATAATGTGTGGAAaTGTGAGCGtATAACAtTg,4,0.8941313900000001,1
135,TCGAGTTTACACTTTATGCTTCCGGCTCGTATAATGTGTGGcATTGTGAGCGGATAACAtcc,4,0.31071096,1
136,TCGAGTTTACACTTTATGCTTCCGGCTCGTATAATGTGTGGcATTGTGAGCGcATAACAAac,4,0.74128393,1
137,TCGAGTTTACACTTTATGCTTCCGGCTCGTATAATGTGTGGAAcTGTGAGCGGATAACAtac,4,0.17330814000000005,1
138,TCGAGTTTACACTTTATGCTTCCGGCTCGTATAATGTGTGGAgaTGTGAGCGtATAACAATg,4,0.66880272,1
139,TCGAGTTTACACTTTATGCTTCCGGCTCGTATAATGTGTGGctTTGTGAGCGcgTAACAATc,5,0.9896617300000001,1
140,TCGAGTTTACACTTTATGCTTCCGGCTCGTATAATGTGTGGAggTGTGAGCGGgTAACAtTc,5,0.46272928,1
141,TCGAGTTTACACTTTATGCTTCCGGCTCGTATAATGTGTGGgAcTGTGAGCGGgTAcCAATg,5,0.8165057199999999,1
142,TCGAGTTTACACTTTATGCTTCCGGCTCGTATAATGTGTGGAAgTGTGAGCGGgTAACAtag,5,0.7366421599999999,1
143,TCGAGTTTACACTTTATGCTTCCGGCTCGTATAATGTGTGGAgaTGTGAGCGGgTAACAtTc,5,0.5215633399999999,1
144,TCGAGTTTACACTTTATGCTTCCGGCTCGTATAATGTGTGGcAcTGTGAGCGGAcAcCAATc,5,0.9514726099999999,1
145,TCGAGTTTACACTTTATGCTTCCGGCTCGTATAATGTGTGGcAaTGTGAGCGGgTAACAtTc,5,0.04522595000000007,1
146,TCGAGTTTACACTTTATGCTTCCGGCTCGTATAATGTGTGGctTTGTGAGCGGgcAACAATg,5,0.76921934,1
147,TCGAGTTTACACTTTATGCTTCCGGCTCGTATAATGTGTGGcAgTGTGAGCGGgTAACAcTc,5,0.5692687999999999,1
148,TCGAGTTTACACTTTATGCTTCCGGCTCGTATAATGTGTGGgAaTGTGAGCGGAccACAATc,5,0.5099071900000001,1
149,TCGAGTTTACACTTTATGCTTCCGGCTCGTATAATGTGTGGAAcTGTGAGCGGAccACAAac,5,0.6897345000000001,1
150,TCGAGTTTACACTTTATGCTTCCGGCTCGTATAATGTGTGGcAgTGTGAGCGGgcAACAATc,5,0.45636005999999996,1
151,TCGAGTTTACACTTTATGCTTCCGGCTCGTATAATGTGTGGctTTGTGAGCGGATccCAATa,5,0.92325361,1
152,TCGAGTTTACACTTTATGCTTCCGGCTCGTATAATGTGTGGAAaTGTGAGCGGgTAcCAAgc,5,0.8312489999999999,1
153,TCGAGTTTACACTTTATGCTTCCGGCTCGTATAATGTGTGGgcTTGTGAGCGGATcACAcTc,5,0.7400756499999999,1
154,TCGAGTTTACACTTTATGCTTCCGGCTCGTATAATGTGTGGgATTGTGAGCGGgTAcCAcTc,5,0.8828179599999999,1
155,TCGAGTTTACACTTTATGCTTCCGGCTCGTATAATGTGTGGAtaTGTGAGCGtATAcCAATc,5,0.39341395999999995,1
156,TCGAGTTTACACTTTATGCTTCCGGCTCGTATAATGTGTGGAtTTGTGAGCGGATAcCAtac,5,0.251822,1
157,TCGAGTTTACACTTTATGCTTCCGGCTCGTATAATGTGTGGgAcTGTGAGCGGATAACAtgc,5,0.87748264,1
158,TCGAGTTTACACTTTATGCTTCCGGCTCGTATAATGTGTGGAgTTGTGAGCGtATcACAAag,5,0.38544241999999995,1
159,TCGAGTTTACACTTTATGCTTCCGGCTCGTATAATGTGTGGcATTGTGAGCGGATAcCAtag,5,0.5614219599999999,1
160,TCGAGTTTACACTTTATGCTTCCGGCTCGTATAATGTGTGGAAcTGTGAGCGGgTcACAAag,5,0.39408065999999986,1
161,TCGAGTTTACACTTTATGCTTCCGGCTCGTATAATGTGTGGccTTGTGAGCGtgTAACAAag,6,0.6088590699999998,1
162,TCGAGTTTACACTTTATGCTTCCGGCTCGTATAATGTGTGGcgTTGTGAGCGtgTAACAtTg,6,0.93507973,1
163,TCGAGTTTACACTTTATGCTTCCGGCTCGTATAATGTGTGGgcTTGTGAGCGGATccCAAcc,6,0.9761691299999999,1
164,TCGAGTTTACACTTTATGCTTCCGGCTCGTATAATGTGTGGgcaTGTGAGCGGATAcCAAac,6,0.5384958099999999,1
165,TCGAGTTTACACTTTATGCTTCCGGCTCGTATAATGTGTGGAATTGTGAGCGGATcACAgTT,2,1.54608505,2
166,TCGAGTTTACACTTTATGCTTCCGGCTCGTATAATGTGTGGAATTGTGAGCGaATAACAAgT,2,1.9474720100000003,2
167,TCGAGTTTACACTTTATGCTTCCGGCTCGTATAATGTGTGGAATTGTGAGCGGAcAACAAaT,2,1.14268584,2
168,TCGAGTTTACACTTTATGCTTCCGGCTCGTATAATGTGTGGAATTGTGAGCGaATAACAtTT,2,1.7876478900000001,2
169,TCGAGTTTACACTTTATGCTTCCGGCTCGTATAATGTGTGGAAgTGTGAGCGGATAACAcTT,2,1.52657901,2
170,TCGAGTTTACACTTTATGCTTCCGGCTCGTATAATGTGTGGAATTGTGAGCGcATAACAAaT,2,1.91102621,2
171,TCGAGTTTACACTTTATGCTTCCGGCTCGTATAATGTGTGGgATTGTGAcCGGATAACAATT,2,1.7049522899999998,2
172,TCGAGTTTACACTTTATGCTTCCGGCTCGTATAATGTGTGGAcTTGTGAGCGGAcAACAATT,2,1.5897640499999999,2
173,TCGAGTTTACACTTTATGCTTCCGGCTCGTATAATGTGTGGAAaTGTGAGCGGATAACAcTT,2,1.58541307,2
174,TCGAGTTTACACTTTATGCTTCCGGCTCGTATAATGTGTGGAATTGTGAGCGGATAcCAtTT,2,1.09656431,2
175,TCGAGTTTACACTTTATGCTTCCGGCTCGTATAATGTGTGGAATTGTGAGCGGATAACAcgT,2,1.9147324700000001,2
176,TCGAGTTTACACTTTATGCTTCCGGCTCGTATAATGTGTGGcATTGTGAGCGcATAACAATT,2,1.70867392,2
177,TCGAGTTTACACTTTATGCTTCCGGCTCGTATAATGTGTGGcATTGTGAGCGGATAACcATT,2,1.84946664,2
178,TCGAGTTTACACTTTATGCTTCCGGCTCGTATAATGTGTGGgATTGTGAGCGGATAACAgTT,2,1.54466347,2
179,TCGAGTTTACACTTTATGCTTCCGGCTCGTATAATGTGTGGgATTGTGAGCGGATAgCAATT,2,1.3842354099999998,2
180,TCGAGTTTACACTTTATGCTTCCGGCTCGTATAATGTGTGGAcTTGTGAGCGGATAACAAcT,2,1.42821768,2
181,TCGAGTTTACACTTTATGCTTCCGGCTCGTATAATGTGTGGtATTGTGAGCGGgTAACAATT,2,1.5772874,2
182,TCGAGTTTACACTTTATGCTTCCGGCTCGTATAATGTGTGGAATTGTGAGCGGATAACAcTa,2,1.52814212,2
183,TCGAGTTTACACTTTATGCTTCCGGCTCGTATAATGTGTGGAAgTGTGAGCGGATAACAAgT,2,1.10352622,2
184,TCGAGTTTACACTTTATGCTTCCGGCTCGTATAATGTGTGGAtTTGTGAcCGGATAACAATT,2,1.78256336,2
185,TCGAGTTTACACTTTATGCTTCCGGCTCGTATAATGTGTGGAgTTGTGAGCGGATAACAAgT,2,1.10652689,2
186,TCGAGTTTACACTTTATGCTTCCGGCTCGTATAATGTGTGGAAaTGTGAGCGGATAgCAATT,2,1.75571924,2
187,TCGAGTTTACACTTTATGCTTCCGGCTCGTATAATGTGTGGAATTGTGAGCGGATccCAAcT,3,1.4514443,2
188,TCGAGTTTACACTTTATGCTTCCGGCTCGTATAATGTGTGGgcTTGTGAGCGaATAACAATT,3,1.78044894,2
189,TCGAGTTTACACTTTATGCTTCCGGCTCGTATAATGTGTGGccTTGTGAGCGGATAACAtTT,3,1.00414554,2
190,TCGAGTTTACACTTTATGCTTCCGGCTCGTATAATGTGTGGAtaTGTGAGCGGATgACAATT,3,1.85043342,2
191,TCGAGTTTACACTTTATGCTTCCGGCTCGTATAATGTGTGGAATTGTGAGCGGgTAACcATc,3,1.1234571100000001,2
192,TCGAGTTTACACTTTATGCTTCCGGCTCGTATAATGTGTGGAAaTGTGAGCGGAccACAATT,3,1.51896252,2
193,TCGAGTTTACACTTTATGCTTCCGGCTCGTATAATGTGTGGcATTGTGAGCGGATAgCAATa,3,1.58279795,2
194,TCGAGTTTACACTTTATGCTTCCGGCTCGTATAATGTGTGGAAacGTGAGCGGATAACAATc,3,1.7609677200000002,2
195,TCGAGTTTACACTTTATGCTTCCGGCTCGTATAATGTGTGGAgTTGTGAGCGGATAACAAga,3,1.46577638,2
196,TCGAGTTTACACTTTATGCTTCCGGCTCGTATAATGTGTGGAgTTGgGAGCGGATAACAATc,3,1.6557795700000002,2
197,TCGAGTTTACACTTTATGCTTCCGGCTCGTATAATGTGTGGAATTGTGAGCGaATAcCAATg,3,1.2059868,2
198,TCGAGTTTACACTTTATGCTTCCGGCTCGTATAATGTGTGGAAcTGTGAGCGGgTAACAAcT,3,1.661552,2
199,TCGAGTTTACACTTTATGCTTCCGGCTCGTATAATGTGTGGtAgTGTGAGCGGgTAACAATT,3,1.93497378,2
200,TCGAGTTTACACTTTATGCTTCCGGCTCGTATAATGTGTGGAATTGTGAGCGGATtACAAgg,3,1.8589286999999999,2
201,TCGAGTTTACACTTTATGCTTCCGGCTCGTATAATGTGTGGAATaGTGAGCGGATAACAAac,3,1.2459036700000004,2
202,TCGAGTTTACACTTTATGCTTCCGGCTCGTATAATGTGTGGAAgTGTGAGCGGAcAACAATa,3,1.7729197600000002,2
203,TCGAGTTTACACTTTATGCTTCCGGCTCGTATAATGTGTGGAATTGTGAGCGGAaAACAAac,3,1.82979369,2
204,TCGAGTTTACACTTTATGCTTCCGGCTCGTATAATGTGTGGgcTTGTGAGCGGATAACAtTT,3,1.16483249,2
205,TCGAGTTTACACTTTATGCTTCCGGCTCGTATAATGTGTGGAATTGTGAGCGGgTAcCAAgT,3,1.4688205,2
206,TCGAGTTTACACTTTATGCTTCCGGCTCGTATAATGTGTGGAATTGTGAcCGGATgACAATc,3,1.9170890399999998,2
207,TCGAGTTTACACTTTATGCTTCCGGCTCGTATAATGTGTGGgATTGTGAcCGGATAACAAaT,3,1.7916542399999997,2
208,TCGAGTTTACACTTTATGCTTCCGGCTCGTATAATGTGTGGAATTGTGAGCGGATAtCAAcc,3,1.5443671900000002,2
209,TCGAGTTTACACTTTATGCTTCCGGCTCGTATAATGTGTGGAcTTGTGAGCGGAcAACAcTc,4,1.7045647399999997,2
210,TCGAGTTTACACTTTATGCTTCCGGCTCGTATAATGTGTGGAATTGTGAGCGagTtACAATc,4,1.9792551200000001,2
211,TCGAGTTTACACTTTATGCTTCCGGCTCGTATAATGTGTGGgATTGTGAGCGGgTAAtAATg,4,1.93504846,2
212,TCGAGTTTACACTTTATGCTTCCGGCTCGTATAATGTGTGGcATTGTGAGCGGATAcaAATc,4,1.2245412900000001,2
213,TCGAGTTTACACTTTATGCTTCCGGCTCGTATAATGTGTGGgAaTGTGAGCGGATAAgAATc,4,1.6241982600000002,2
214,TCGAGTTTACACTTTATGCTTCCGGCTCGTATAATGTGTGGgATTGTGAGCGGATAgCAAcc,4,1.22458099,2
215,TCGAGTTTACACTTTATGCTTCCGGCTCGTATAATGTGTGGAAaTGTGAGCGGgTAAgAATc,4,1.79159372,2
216,TCGAGTTTACACTTTATGCTTCCGGCTCGTATAATGTGTGGAtTTGTGAGCGGATgACAAgg,4,1.67355886,2
217,TCGAGTTTACACTTTATGCTTCCGGCTCGTATAATGTGTGGAAgTGTGAGCGGgTAACAAaa,4,1.01606989,2
218,TCGAGTTTACACTTTATGCTTCCGGCTCGTATAATGTGTGGAAgTGTGAGCGtATAACAtaT,4,1.42819324,2
219,TCGAGTTTACACTTTATGCTTCCGGCTCGTATAATGTGTGGAcTTGTGAGCGGATAACAcgc,4,1.3944206899999998,2
220,TCGAGTTTACACTTTATGCTTCCGGCTCGTATAATGTGTGGgggTGTGAGCGtATAACAATT,4,1.16119923,2
221,TCGAGTTTACACTTTATGCTTCCGGCTCGTATAATGTGTGGcATTGTGAGCGtgTAgCAATT,4,1.8337697199999998,2
222,TCGAGTTTACACTTTATGCTTCCGGCTCGTATAATGTGTGGAcgTGTGAGCGGAcAACAATg,4,1.44125647,2
223,TCGAGTTTACACTTTATGCTTCCGGCTCGTATAATGTGTGGcccTGTGAGCGGATAACAAcT,4,1.86724975,2
224,TCGAGTTTACACTTTATGCTTCCGGCTCGTATAATGTGTGGAggTGTGAGCGGATAAaAATc,4,1.54801647,2
225,TCGAGTTTACACTTTATGCTTCCGGCTCGTATAATGTGTGGAggTGTGAGCGtATAACAtTT,4,1.70217834,2
226,TCGAGTTTACACTTTATGCTTCCGGCTCGTATAATGTGTGGcgTTGTGAGCGGATAAaAATc,4,1.0746797500000003,2
227,TCGAGTTTACACTTTATGCTTCCGGCTCGTATAATGTGTGGAtgTGTGAGCGGgcAACAATT,4,1.7487500200000001,2
228,TCGAGTTTACACTTTATGCTTCCGGCTCGTATAATGTGTGGAAcTGTGAGCGGATccCAAaT,4,1.1983911399999998,2
229,TCGAGTTTACACTTTATGCTTCCGGCTCGTATAATGTGTGGAgaTGTGAGCGGAcAACAAaT,4,1.91989333,2
230,TCGAGTTTACACTTTATGCTTCCGGCTCGTATAATGTGTGGAATTGTGAGCGcgTAcCAATc,4,1.4932129800000002,2
231,TCGAGTTTACACTTTATGCTTCCGGCTCGTATAATGTGTGGAtTTGTGAGCGtgTAtCAATg,5,1.9306965900000002,2
232,TCGAGTTTACACTTTATGCTTCCGGCTCGTATAATGTGTGGgAgTGTGAGCGtgTAACAAgT,5,1.7587840900000002,2
233,TCGAGTTTACACTTTATGCTTCCGGCTCGTATAATGTGTGGtgcTGTGAGCGGATAACAAac,5,1.3128347999999999,2
234,TCGAGTTTACACTTTATGCTTCCGGCTCGTATAATGTGTGGAtaTGTGAGCGtATAACAtaT,5,1.60967498,2
235,TCGAGTTTACACTTTATGCTTCCGGCTCGTATAATGTGTGGtATTGTGAGCGGgTAACAtac,5,1.1959131300000003,2
236,TCGAGTTTACACTTTATGCTTCCGGCTCGTATAATGTGTGGgAaTGTGAGCGGgTgACAATg,5,1.47906046,2
237,TCGAGTTTACACTTTATGCTTCCGGCTCGTATAATGTGTGGAAcTGTGAGCGGgTcACAtaT,5,1.4862903399999998,2
238,TCGAGTTTACACTTTATGCTTCCGGCTCGTATAATGTGTGGAAaTGTGAGCGagTcACAATg,5,1.37084891,2
239,TCGAGTTTACACTTTATGCTTCCGGCTCGTATAATGTGTGGgATTGTGAGCGtATctCAATc,5,1.13921366,2
240,TCGAGTTTACACTTTATGCTTCCGGCTCGTATAATGTGTGGAAgTGTGAGCGGATAcaAAac,5,1.7845799600000005,2
241,TCGAGTTTACACTTTATGCTTCCGGCTCGTATAATGTGTGGAATTGTGAcCGGgTccCAATg,5,1.9231605699999998,2
242,TCGAGTTTACACTTTATGCTTCCGGCTCGTATAATGTGTGGAATTGTGAGCGGAccACAcgc,5,1.96308261,2
243,TCGAGTTTACACTTTATGCTTCCGGCTCGTATAATGTGTGGgATTGTGAGCGtATAtCAAag,5,1.7273554,2
244,TCGAGTTTACACTTTATGCTTCCGGCTCGTATAATGTGTGGAcTTGTGAGCGtATAACAtaa,5,1.96353651,2
245,TCGAGTTTACACTTTATGCTTCCGGCTCGTATAATGTGTGGcAgTGTGAGCGcATAACAAgc,5,1.7581082,2
246,TCGAGTTTACACTTTATGCTTCCGGCTCGTATAATGTGTGGAgaTGTGAGCGGATAgCAAag,5,1.69691428,2
247,TCGAGTTTACACTTTATGCTTCCGGCTCGTATAATGTGTGGAtTTGTGAGCGcgTcACAATg,5,1.6996682400000003,2
248,TCGAGTTTACACTTTATGCTTCCGGCTCGTATAATGTGTGGccgTGTGAGCGGATAAtAATc,5,1.905498,2
249,TCGAGTTTACACTTTATGCTTCCGGCTCGTATAATGTGTGGAAaTGTGAGCGGAcgACAAac,5,1.8163796400000003,2
250,TCGAGTTTACACTTTATGCTTCCGGCTCGTATAATGTGTGGcgTTGTGAGCGGcTAACAAac,5,1.71668789,2
251,TCGAGTTTACACTTTATGCTTCCGGCTCGTATAATGTGTGGgAaTGTGAGCGGAcAACAAaa,5,1.96349238,2
252,TCGAGTTTACACTTTATGCTTCCGGCTCGTATAATGTGTGGgAcTGTGAGCGtgTAACAAgT,5,1.95578012,2
253,TCGAGTTTACACTTTATGCTTCCGGCTCGTATAATGTGTGGAtaTGTGAGCGGgTcACcATc,6,1.70908342,2
254,TCGAGTTTACACTTTATGCTTCCGGCTCGTATAATGTGTGGtAaTGTGAGCGtATcACAAgc,6,1.91737105,2
255,TCGAGTTTACACTTTATGCTTCCGGCTCGTATAATGTGTGGAtaTGTGAGCGGATgcCAAag,6,1.94149,2
256,TCGAGTTTACACTTTATGCTTCCGGCTCGTATAATGTGTGGAccTGTGAGCGtATAcCAAac,6,1.0294103600000002,2
257,TCGAGTTTACACTTTATGCTTCCGGCTCGTATAATGTGTGGAcaTGTGAGCGaATcACAAgc,6,1.8901388600000002,2
258,TCGAGTTTACACTTTATGCTTCCGGCTCGTATAATGTGTGGcgaTGTGAGCGGATAcCAgTc,6,1.61764066,2
259,TCGAGTTTACACTTTATGCTTCCGGCTCGTATAATGTGTGGcAgTGTGAGCGtATAgCAAag,6,1.5595320199999998,2
260,TCGAGTTTACACTTTATGCTTCCGGCTCGTATAATGTGTGGctgTGTGAGCGGATAACAtcg,6,1.338943,2
261,TCGAGTTTACACTTTATGCTTCCGGCTCGTATAATGTGTGGAtaTGTGAGCGtATAACAccc,6,1.94619552,2
262,TCGAGTTTACACTTTATGCTTCCGGCTCGTATAATGTGTGGcAcTGTGAGCGGATcgCAAcc,6,1.6650346399999998,2
263,TCGAGTTTACACTTTATGCTTCCGGCTCGTATAATGTGTGGcgTTGTGAGCGtATcACAAga,6,1.79437342,2
264,TCGAGTTTACACTTTATGCTTCCGGCTCGTATAATGTGTGGctaTGTGAGCGGgTtACAATc,6,1.2011407299999999,2
265,TCGAGTTTACACTTTATGCTTCCGGCTCGTATAATGTGTGGAtTTGTGAGCGtATcACAgcc,6,1.9068675,2
266,TCGAGTTTACACTTTATGCTTCCGGCTCGTATAATGTGTGGAAgTGTGAGCGcATcACAtac,6,1.8470945600000006,2
267,TCGAGTTTACACTTTATGCTTCCGGCTCGTATAATGTGTGGggaTGTGAGCGGgTccCAATT,6,1.59168295,2
268,TCGAGTTTACACTTTATGCTTCCGGCTCGTATAATGTGTGGgATTGTGAGgGGgTcACAAac,6,1.9378220100000003,2
269,TCGAGTTTACACTTTATGCTTCCGGCTCGTATAATGTGTGGtgTTGTGAGCGGgTcACAtTc,6,1.51635642,2
270,TCGAGTTTACACTTTATGCTTCCGGCTCGTATAATGTGTGGAAgTGTGAGCGtgTccCAATa,6,1.88416391,2
271,TCGAGTTTACACTTTATGCTTCCGGCTCGTATAATGTGTGGgAaTGTGAGCGGATgACAcac,6,1.9743249900000002,2
272,TCGAGTTTACACTTTATGCTTCCGGCTCGTATAATGTGTGGccTTGTGAGCGtATcACAAgg,6,1.10202308,2
273,TCGAGTTTACACTTTATGCTTCCGGCTCGTATAATGTGTGGgtcTGTGAGCGGATAgCAAag,6,1.64207349,2
274,TCGAGTTTACACTTTATGCTTCCGGCTCGTATAATGTGTGGggcTGTGAGCGGgTcACAAgT,6,1.96513617,2
275,TCGAGTTTACACTTTATGCTTCCGGCTCGTATAATGTGTGGAATcGTGAGCGGATAACAATa,2,2.75778871,3
276,TCGAGTTTACACTTTATGCTTCCGGCTCGTATAATGTGTGGAATTGTGAGCGGAcgACAATT,2,2.36724919,3
277,TCGAGTTTACACTTTATGCTTCCGGCTCGTATAATGTGTGGAATaGTGAGCGGATAACAATa,2,2.57254315,3
278,TCGAGTTTACACTTTATGCTTCCGGCTCGTATAATGTGTGGAATTGTGAGCGGgTAACtATT,2,2.2947880900000004,3
279,TCGAGTTTACACTTTATGCTTCCGGCTCGTATAATGTGTGGAATTGTGAGCGGtTAACAATg,2,2.07224153,3
280,TCGAGTTTACACTTTATGCTTCCGGCTCGTATAATGTGTGGAAgTGTGAGCGGATAAgAATT,2,2.57441953,3
281,TCGAGTTTACACTTTATGCTTCCGGCTCGTATAATGTGTGGAAcTGgGAGCGGATAACAATT,2,2.90386687,3
282,TCGAGTTTACACTTTATGCTTCCGGCTCGTATAATGTGTGGAATcGTGAGCGGATcACAATT,2,2.44499741,3
283,TCGAGTTTACACTTTATGCTTCCGGCTCGTATAATGTGTGGAATTGTGAGCGGATAACctTT,2,2.5511327,3
284,TCGAGTTTACACTTTATGCTTCCGGCTCGTATAATGTGTGGAATTGTGAGCGGAaAACAAaT,2,2.88388563,3
285,TCGAGTTTACACTTTATGCTTCCGGCTCGTATAATGTGTGGAATTGTGAGCGGAgcACAATT,2,2.76486586,3
286,TCGAGTTTACACTTTATGCTTCCGGCTCGTATAATGTGTGGcATgGTGAGCGGATAACAATT,2,2.6119587899999996,3
287,TCGAGTTTACACTTTATGCTTCCGGCTCGTATAATGTGTGGAATTGTGAGCGGATAACtAgT,2,2.82819586,3
288,TCGAGTTTACACTTTATGCTTCCGGCTCGTATAATGTGTGGAATTGTGAGCGGATgACAgTT,2,2.81089216,3
289,TCGAGTTTACACTTTATGCTTCCGGCTCGTATAATGTGTGGAgTTGTGAcCGGATAACAATT,2,2.02060273,3
290,TCGAGTTTACACTTTATGCTTCCGGCTCGTATAATGTGTGGAATTGgGAGCGGATAACAATa,2,2.70843395,3
291,TCGAGTTTACACTTTATGCTTCCGGCTCGTATAATGTGTGGAATTGTGAGCGaATAACAgTT,2,2.70125903,3
292,TCGAGTTTACACTTTATGCTTCCGGCTCGTATAATGTGTGGAgTTGTGAGCGGcTAACAATT,2,2.79972822,3
293,TCGAGTTTACACTTTATGCTTCCGGCTCGTATAATGTGTGGAAgTGTGAGCGGATAACtATT,2,2.4400424000000003,3
294,TCGAGTTTACACTTTATGCTTCCGGCTCGTATAATGTGTGGAATTGgGAGCGGgTAACAATT,2,2.5616165300000002,3
295,TCGAGTTTACACTTTATGCTTCCGGCTCGTATAATGTGTGGAtTTGTGAGCGGcTAACAATT,2,2.56168885,3
296,TCGAGTTTACACTTTATGCTTCCGGCTCGTATAATGTGTGGAATTGTGAGCGcgTAACAATT,2,2.0367563300000002,3
297,TCGAGTTTACACTTTATGCTTCCGGCTCGTATAATGTGTGGgATTGTGAGCGGATAgCAcTT,3,2.55312804,3
298,TCGAGTTTACACTTTATGCTTCCGGCTCGTATAATGTGTGGAgTTGTGAGCGGATtACAtTT,3,2.5659855900000004,3
299,TCGAGTTTACACTTTATGCTTCCGGCTCGTATAATGTGTGGAAaTGaGAGCGGATAACAATg,3,2.7687245799999998,3
300,TCGAGTTTACACTTTATGCTTCCGGCTCGTATAATGTGTGGAATTGTGAGCGGAcAgCAATa,3,2.75443218,3
301,TCGAGTTTACACTTTATGCTTCCGGCTCGTATAATGTGTGGAgTTGTGAcCGGATcACAATT,3,2.06706092,3
302,TCGAGTTTACACTTTATGCTTCCGGCTCGTATAATGTGTGGAcTTGTGAGCGGAcAACAAgT,3,2.33560389,3
303,TCGAGTTTACACTTTATGCTTCCGGCTCGTATAATGTGTGGAAgTGTGAGCGGATAtCAAaT,3,2.14840994,3
304,TCGAGTTTACACTTTATGCTTCCGGCTCGTATAATGTGTGGAtcTGTGAGCGGATAAaAATT,3,2.56106507,3
305,TCGAGTTTACACTTTATGCTTCCGGCTCGTATAATGTGTGGtcTTGTGAGCGGAcAACAATT,3,2.9546193799999996,3
306,TCGAGTTTACACTTTATGCTTCCGGCTCGTATAATGTGTGGAATTGTGAcCGGATAACAtTa,3,2.6051808899999997,3
307,TCGAGTTTACACTTTATGCTTCCGGCTCGTATAATGTGTGGgATTGTGAGCGGATAAaAtTT,3,2.51478731,3
308,TCGAGTTTACACTTTATGCTTCCGGCTCGTATAATGTGTGGAcaTGTGAGCGGAcAACAATT,3,2.00628449,3
309,TCGAGTTTACACTTTATGCTTCCGGCTCGTATAATGTGTGGgATTGTGAGCGGggAACAATT,3,2.97587635,3
310,TCGAGTTTACACTTTATGCTTCCGGCTCGTATAATGTGTGGAcTTGgGAGCGGATAACAATg,3,2.37677066,3
311,TCGAGTTTACACTTTATGCTTCCGGCTCGTATAATGTGTGGAATaGTGAGCGtATAACAATa,3,2.97033234,3
312,TCGAGTTTACACTTTATGCTTCCGGCTCGTATAATGTGTGGAtTaGTGAGCGGATAcCAATT,3,2.84648993,3
313,TCGAGTTTACACTTTATGCTTCCGGCTCGTATAATGTGTGGAgaTGTGAGCGGATtACAATT,3,2.39649031,3
314,TCGAGTTTACACTTTATGCTTCCGGCTCGTATAATGTGTGGtAcTGTGAGCGGgTAACAATT,3,2.13196981,3
315,TCGAGTTTACACTTTATGCTTCCGGCTCGTATAATGTGTGGcATTGTGAGCGGATtgCAATT,3,2.84283128,3
316,TCGAGTTTACACTTTATGCTTCCGGCTCGTATAATGTGTGGAcTTGTGAGCGGATcAaAATT,3,2.46397333,3
317,TCGAGTTTACACTTTATGCTTCCGGCTCGTATAATGTGTGGAATTGTGAGCGGATcgCAcTT,3,2.55454962,3
318,TCGAGTTTACACTTTATGCTTCCGGCTCGTATAATGTGTGGAAaTGTGAGCGGATctCAATT,3,2.16700024,3
319,TCGAGTTTACACTTTATGCTTCCGGCTCGTATAATGTGTGGcAaTGTGAGCGGATAcCtATT,4,2.89377471,3
320,TCGAGTTTACACTTTATGCTTCCGGCTCGTATAATGTGTGGgATTGTGAGCGcATcACAATa,4,2.27506855,3
321,TCGAGTTTACACTTTATGCTTCCGGCTCGTATAATGTGTGGAtTTGTGAGCGGATcAaAAgT,4,2.79868069,3
322,TCGAGTTTACACTTTATGCTTCCGGCTCGTATAATGTGTGGggTTGTGAGCGGATcAtAATT,4,2.63595559,3
323,TCGAGTTTACACTTTATGCTTCCGGCTCGTATAATGTGTGGgATTGTGAGCGGATtACAgTg,4,2.65775233,3
324,TCGAGTTTACACTTTATGCTTCCGGCTCGTATAATGTGTGGcATTGTGAGgGGATcACAATa,4,2.8913424699999997,3
325,TCGAGTTTACACTTTATGCTTCCGGCTCGTATAATGTGTGGAAgTGTGAGCGGATAAtAtTc,4,2.0733838999999996,3
326,TCGAGTTTACACTTTATGCTTCCGGCTCGTATAATGTGTGGAccTGTGAGCGtAcAACAATT,4,2.5422356500000003,3
327,TCGAGTTTACACTTTATGCTTCCGGCTCGTATAATGTGTGGAATTGTGAGCGaATgcCAATg,4,2.5172521000000003,3
328,TCGAGTTTACACTTTATGCTTCCGGCTCGTATAATGTGTGGgtTTGgGAGCGGATcACAATT,4,2.56332694,3
329,TCGAGTTTACACTTTATGCTTCCGGCTCGTATAATGTGTGGttTTGTGAGCGGATAAtAATc,4,2.6171848099999995,3
330,TCGAGTTTACACTTTATGCTTCCGGCTCGTATAATGTGTGGgAgTGTGAGCGGATcACtATT,4,2.5315372000000003,3
331,TCGAGTTTACACTTTATGCTTCCGGCTCGTATAATGTGTGGAcTTGTGAGgGtATAACAATc,4,2.47876254,3
332,TCGAGTTTACACTTTATGCTTCCGGCTCGTATAATGTGTGGggTTGTGAcCGGATAcCAATT,4,2.5761879299999997,3
333,TCGAGTTTACACTTTATGCTTCCGGCTCGTATAATGTGTGGAtcTGTGAGCGGcTAACAATg,4,2.6101772999999997,3
334,TCGAGTTTACACTTTATGCTTCCGGCTCGTATAATGTGTGGggTTGTGAGCGaATAACAAcT,4,2.5017933500000002,3
335,TCGAGTTTACACTTTATGCTTCCGGCTCGTATAATGTGTGGcATTGTGAcCGcATAACAATc,4,2.31449766,3
336,TCGAGTTTACACTTTATGCTTCCGGCTCGTATAATGTGTGGAATTGTGAGCGGgTAACgAac,4,2.11982622,3
337,TCGAGTTTACACTTTATGCTTCCGGCTCGTATAATGTGTGGAAgTGaGAGCGGgTAACAATg,4,2.9223225900000003,3
338,TCGAGTTTACACTTTATGCTTCCGGCTCGTATAATGTGTGGAtcTGTGAGCGtATgACAATT,4,2.38638458,3
339,TCGAGTTTACACTTTATGCTTCCGGCTCGTATAATGTGTGGggTTGTGAcCGtATAACAATT,4,2.46342853,3
340,TCGAGTTTACACTTTATGCTTCCGGCTCGTATAATGTGTGGAgTTGTGAGCGGgTAACAgcT,4,2.9671835,3
341,TCGAGTTTACACTTTATGCTTCCGGCTCGTATAATGTGTGGAtTTGTGAGCGGATtcCAcTg,5,2.9151777599999997,3
342,TCGAGTTTACACTTTATGCTTCCGGCTCGTATAATGTGTGGcAgTGTGAGCGGATgtCAATg,5,2.7511289899999998,3
343,TCGAGTTTACACTTTATGCTTCCGGCTCGTATAATGTGTGGtgTTGTGAGCGGgTAACAAcg,5,2.32621801,3
344,TCGAGTTTACACTTTATGCTTCCGGCTCGTATAATGTGTGGcATaGTGAGCGGgTcACAtTT,5,2.9425493000000005,3
345,TCGAGTTTACACTTTATGCTTCCGGCTCGTATAATGTGTGGAtTTGTGAGCGGgcAgCAATg,5,2.2240684799999997,3
346,TCGAGTTTACACTTTATGCTTCCGGCTCGTATAATGTGTGGAAgTGTGAaCGtAcAACAATc,5,2.97182645,3
347,TCGAGTTTACACTTTATGCTTCCGGCTCGTATAATGTGTGGccaTGTGAGCGGgTAACAgTT,5,2.5467091899999996,3
348,TCGAGTTTACACTTTATGCTTCCGGCTCGTATAATGTGTGGAtaTGTGAGCGGATgACtATc,5,2.8786975000000004,3
349,TCGAGTTTACACTTTATGCTTCCGGCTCGTATAATGTGTGGAtTTGTGAGCGGgcAACAtaT,5,2.06378131,3
350,TCGAGTTTACACTTTATGCTTCCGGCTCGTATAATGTGTGGggTTGTGAcCGGATcACAAgT,5,2.8579373699999997,3
351,TCGAGTTTACACTTTATGCTTCCGGCTCGTATAATGTGTGGcATTGTGAGCGcATAACAgag,5,2.78880877,3
352,TCGAGTTTACACTTTATGCTTCCGGCTCGTATAATGTGTGGtgTTGTGAGCGGATAgCAAag,5,2.6452491699999996,3
353,TCGAGTTTACACTTTATGCTTCCGGCTCGTATAATGTGTGGctcTGTGAGCGGgTgACAATT,5,2.08537712,3
354,TCGAGTTTACACTTTATGCTTCCGGCTCGTATAATGTGTGGctTTGTGAaCGtATcACAATT,5,2.66570365,3
355,TCGAGTTTACACTTTATGCTTCCGGCTCGTATAATGTGTGGggTTGTGAGCGtgTAgCAATT,5,2.35514372,3
356,TCGAGTTTACACTTTATGCTTCCGGCTCGTATAATGTGTGGAtgTGTGAGCGtgTtACAATT,5,2.70983814,3
357,TCGAGTTTACACTTTATGCTTCCGGCTCGTATAATGTGTGGcgTTGTGAcCGGATAcCAATa,5,2.77475047,3
358,TCGAGTTTACACTTTATGCTTCCGGCTCGTATAATGTGTGGAAcTGTGAcCGGgTAACAAgc,5,2.1187780600000004,3
359,TCGAGTTTACACTTTATGCTTCCGGCTCGTATAATGTGTGGgATcGTGAGCGGATAcCAAcc,5,2.7944699999999996,3
360,TCGAGTTTACACTTTATGCTTCCGGCTCGTATAATGTGTGGtATTGTGAGCGGgcAgCAATc,5,2.9183781499999997,3
361,TCGAGTTTACACTTTATGCTTCCGGCTCGTATAATGTGTGGgtTTGTGAaCGGAcAACAATc,5,2.3840351699999998,3
362,TCGAGTTTACACTTTATGCTTCCGGCTCGTATAATGTGTGGAcTTGgGAGCGGgTAACAAac,5,2.1280067000000003,3
363,TCGAGTTTACACTTTATGCTTCCGGCTCGTATAATGTGTGGAAgTGTGAcCGGATcACAgac,6,2.59629712,3
364,TCGAGTTTACACTTTATGCTTCCGGCTCGTATAATGTGTGGctgTGgGAGCGGATAACAtTc,6,2.24579196,3
365,TCGAGTTTACACTTTATGCTTCCGGCTCGTATAATGTGTGGcAaTGTGAGCGcATcACAcTc,6,2.28645324,3
366,TCGAGTTTACACTTTATGCTTCCGGCTCGTATAATGTGTGGcAgTGTGAaCGtATAACAtTg,6,2.9341059200000004,3
367,TCGAGTTTACACTTTATGCTTCCGGCTCGTATAATGTGTGGtcTTGTGAGCGGgTcACAAaa,6,2.60347719,3
368,TCGAGTTTACACTTTATGCTTCCGGCTCGTATAATGTGTGGtcTTGTGAGCGGgcAcCAATc,6,2.6235080999999996,3
369,TCGAGTTTACACTTTATGCTTCCGGCTCGTATAATGTGTGGAgaTGTGAGCGGATcgCAAcg,6,2.5511080399999995,3
370,TCGAGTTTACACTTTATGCTTCCGGCTCGTATAATGTGTGGtATTGTGAGCGtgTAgCAtTc,6,2.8461991699999993,3
371,TCGAGTTTACACTTTATGCTTCCGGCTCGTATAATGTGTGGAtcTGTGAGCGGATccCAtgT,6,2.56619243,3
372,TCGAGTTTACACTTTATGCTTCCGGCTCGTATAATGTGTGGcAgTGTGAGCGGATAcgAAag,6,2.54982577,3
373,TCGAGTTTACACTTTATGCTTCCGGCTCGTATAATGTGTGGgAaTGTGAcCGGgTAACAAcg,6,2.72214836,3
374,TCGAGTTTACACTTTATGCTTCCGGCTCGTATAATGTGTGGAAcTGTGAGCGGgTcACtAcc,6,2.73627427,3
375,TCGAGTTTACACTTTATGCTTCCGGCTCGTATAATGTGTGGcgTTGTGAGCGGATtcCAtTg,6,2.45468988,3
376,TCGAGTTTACACTTTATGCTTCCGGCTCGTATAATGTGTGGAAaaGTGAGCGtgTAACAAac,6,2.27264537,3
377,TCGAGTTTACACTTTATGCTTCCGGCTCGTATAATGTGTGGtAgTGTGAGCGGATcACAtcg,6,2.74325918,3
378,TCGAGTTTACACTTTATGCTTCCGGCTCGTATAATGTGTGGgtgTGTGAGCGGgTgACAAcT,6,2.9435055599999997,3
379,TCGAGTTTACACTTTATGCTTCCGGCTCGTATAATGTGTGGgAaTGTGAGCGtATtACAtTg,6,2.55845082,3
380,TCGAGTTTACACTTTATGCTTCCGGCTCGTATAATGTGTGGcAcTGTGAGCGGgTAgCAcTc,6,2.10546363,3
381,TCGAGTTTACACTTTATGCTTCCGGCTCGTATAATGTGTGGAgaTGTGAGCGtATAAtAtTc,6,2.8906941999999995,3
382,TCGAGTTTACACTTTATGCTTCCGGCTCGTATAATGTGTGGcgTTGTGAGCGagTcACAAgT,6,2.45139898,3
383,TCGAGTTTACACTTTATGCTTCCGGCTCGTATAATGTGTGGcAcTGTGAGCGGATcgCAAcg,6,2.2129326199999997,3
384,TCGAGTTTACACTTTATGCTTCCGGCTCGTATAATGTGTGGAtgTGTGAcCGtATAACAAcc,6,2.37838451,3
385,TCGAGTTTACACTTTATGCTTCCGGCTCGTATAATGTGTGGAAaTGTGAGgGGATAACAATT,2,3.01780557,4
386,TCGAGTTTACACTTTATGCTTCCGGCTCGTATAATGTGTGGAATTGTGAGgGGATgACAATT,2,3.91255043,4
387,TCGAGTTTACACTTTATGCTTCCGGCTCGTATAATGTGTGGAATTGTGAaCGGATAACAgTT,2,3.7140857900000004,4
388,TCGAGTTTACACTTTATGCTTCCGGCTCGTATAATGTGTGGAcTTGTGAGCGGATAACgATT,2,3.4085643,4
389,TCGAGTTTACACTTTATGCTTCCGGCTCGTATAATGTGTGGAAgTGTGAGCGGAaAACAATT,2,3.15487006,4
390,TCGAGTTTACACTTTATGCTTCCGGCTCGTATAATGTGTGGAATTGTGAGCGGATAACgtTT,2,3.46079986,4
391,TCGAGTTTACACTTTATGCTTCCGGCTCGTATAATGTGTGGAATTGTGAGCGcATAACAgTT,2,3.3239511200000003,4
392,TCGAGTTTACACTTTATGCTTCCGGCTCGTATAATGTGTGGAATTGgGAGCGGATAgCAATT,2,3.68838326,4
393,TCGAGTTTACACTTTATGCTTCCGGCTCGTATAATGTGTGGAATTGTGAGCGaATAACtATT,2,3.2839881900000005,4
394,TCGAGTTTACACTTTATGCTTCCGGCTCGTATAATGTGTGGAATTGTGAcCGGATAAgAATT,2,3.8766488299999997,4
395,TCGAGTTTACACTTTATGCTTCCGGCTCGTATAATGTGTGGAATTGTGAGCGGAaAACAATa,2,3.1564331699999997,4
396,TCGAGTTTACACTTTATGCTTCCGGCTCGTATAATGTGTGGAATTGTGAGCGGATAACtgTT,2,3.58198288,4
397,TCGAGTTTACACTTTATGCTTCCGGCTCGTATAATGTGTGGAATTGTGAGgGGATAACAAgT,2,3.34712497,4
398,TCGAGTTTACACTTTATGCTTCCGGCTCGTATAATGTGTGGAATgGTGAGCGaATAACAATT,2,3.9292413,4
399,TCGAGTTTACACTTTATGCTTCCGGCTCGTATAATGTGTGGAATTGTGAGCGGtTAACAAgT,2,3.32427533,4
400,TCGAGTTTACACTTTATGCTTCCGGCTCGTATAATGTGTGGAATTGTGAcCGGATtACAATT,2,3.2791984999999997,4
401,TCGAGTTTACACTTTATGCTTCCGGCTCGTATAATGTGTGGAATTGTGAGCGtAaAACAATT,2,3.19497287,4
402,TCGAGTTTACACTTTATGCTTCCGGCTCGTATAATGTGTGGAATTGTGAGCGGATttCAATT,2,3.3233044300000003,4
403,TCGAGTTTACACTTTATGCTTCCGGCTCGTATAATGTGTGGAATTGTGAGCGGATgAaAATT,2,3.1950002800000004,4
404,TCGAGTTTACACTTTATGCTTCCGGCTCGTATAATGTGTGGAATTGTGAGCGGccAACAATT,2,3.4950250599999997,4
405,TCGAGTTTACACTTTATGCTTCCGGCTCGTATAATGTGTGGAATTGTGAGCGGATAAacATT,2,3.84885196,4
406,TCGAGTTTACACTTTATGCTTCCGGCTCGTATAATGTGTGGAATTGTGAaCGGATAgCAATT,2,3.5536577300000003,4
407,TCGAGTTTACACTTTATGCTTCCGGCTCGTATAATGTGTGGgtTTGaGAGCGGATAACAATT,3,3.02608239,4
408,TCGAGTTTACACTTTATGCTTCCGGCTCGTATAATGTGTGGAATTGTGAtCGtATAACAATc,3,3.39652291,4
409,TCGAGTTTACACTTTATGCTTCCGGCTCGTATAATGTGTGGAATTGTcAGCGGgTAACAAaT,3,3.99074153,4
410,TCGAGTTTACACTTTATGCTTCCGGCTCGTATAATGTGTGGAgagGTGAGCGGATAACAATT,3,3.5048166199999997,4
411,TCGAGTTTACACTTTATGCTTCCGGCTCGTATAATGTGTGGAtTTGaGAGCGGATcACAATT,3,3.02750397,4
412,TCGAGTTTACACTTTATGCTTCCGGCTCGTATAATGTGTGGgATTGTGAGCGGATAgCcATT,3,3.34935239,4
413,TCGAGTTTACACTTTATGCTTCCGGCTCGTATAATGTGTGGAAgTGTGAGCGcAcAACAATT,3,3.23799453,4
414,TCGAGTTTACACTTTATGCTTCCGGCTCGTATAATGTGTGGtATaGTGAGCGGATAACAAaT,3,3.66485094,4
415,TCGAGTTTACACTTTATGCTTCCGGCTCGTATAATGTGTGGAATTGTGAaCGGATAAaAATg,3,3.59199995,4
416,TCGAGTTTACACTTTATGCTTCCGGCTCGTATAATGTGTGGcAaTGTcAGCGGATAACAATT,3,3.99247761,4
417,TCGAGTTTACACTTTATGCTTCCGGCTCGTATAATGTGTGGAATTGTGAGCGcATtACAATa,3,3.80285657,4
418,TCGAGTTTACACTTTATGCTTCCGGCTCGTATAATGTGTGGttTTGTGAaCGGATAACAATT,3,3.7019619400000003,4
419,TCGAGTTTACACTTTATGCTTCCGGCTCGTATAATGTGTGGAAcTGTGAGCGaATgACAATT,3,3.0675798800000003,4
420,TCGAGTTTACACTTTATGCTTCCGGCTCGTATAATGTGTGGcATTGTGAGCGcATAgCAATT,3,3.04787272,4
421,TCGAGTTTACACTTTATGCTTCCGGCTCGTATAATGTGTGGAATTGTGAtCGGATcACAATg,3,3.59308989,4
422,TCGAGTTTACACTTTATGCTTCCGGCTCGTATAATGTGTGGgATaGTGAGCGGATtACAATT,3,3.87761309,4
423,TCGAGTTTACACTTTATGCTTCCGGCTCGTATAATGTGTGGAAcTGTGAGCGGATgACAcTT,3,3.0348403399999997,4
424,TCGAGTTTACACTTTATGCTTCCGGCTCGTATAATGTGTGGAATTGTGAGCGGtTcACAAgT,3,3.37073352,4
425,TCGAGTTTACACTTTATGCTTCCGGCTCGTATAATGTGTGGAtTaGTGAGCGGATAACAgTT,3,3.8355682,4
426,TCGAGTTTACACTTTATGCTTCCGGCTCGTATAATGTGTGGAATcGTGAGCGGATAACAAca,3,3.6522262299999997,4
427,TCGAGTTTACACTTTATGCTTCCGGCTCGTATAATGTGTGGcATaGTGAGCGGAcAACAATT,3,3.15362721,4
428,TCGAGTTTACACTTTATGCTTCCGGCTCGTATAATGTGTGGtAaTGTGAGCGGATAACAgTT,3,3.2810026299999997,4
429,TCGAGTTTACACTTTATGCTTCCGGCTCGTATAATGTGTGGAggTGTGAGCGaATAACAgTT,4,3.41963246,4
430,TCGAGTTTACACTTTATGCTTCCGGCTCGTATAATGTGTGGAATTGTGAGCGGATAtCAgcc,4,3.0439940500000002,4
431,TCGAGTTTACACTTTATGCTTCCGGCTCGTATAATGTGTGGAcTTGTGAGCGGcTAACAAaa,4,3.41877277,4
432,TCGAGTTTACACTTTATGCTTCCGGCTCGTATAATGTGTGGAAcTGTGAGCGaATcAaAATT,4,3.6865077500000005,4
433,TCGAGTTTACACTTTATGCTTCCGGCTCGTATAATGTGTGGtATTGTGAGCGcATAgCAATc,4,3.47428645,4
434,TCGAGTTTACACTTTATGCTTCCGGCTCGTATAATGTGTGGAATTGTGAGCGGgTAcCgATa,4,3.95701429,4
435,TCGAGTTTACACTTTATGCTTCCGGCTCGTATAATGTGTGGAATTGTGAaCGcATAACAtTc,4,3.57070697,4
436,TCGAGTTTACACTTTATGCTTCCGGCTCGTATAATGTGTGGAATTGgGAGCGGAcAACAAcc,4,3.2455139300000004,4
437,TCGAGTTTACACTTTATGCTTCCGGCTCGTATAATGTGTGGcATTGTGAaCGtATAACAAgT,4,3.24243762,4
438,TCGAGTTTACACTTTATGCTTCCGGCTCGTATAATGTGTGGAATaGTGAGCGcATAACAAgc,4,3.729365820000001,4
439,TCGAGTTTACACTTTATGCTTCCGGCTCGTATAATGTGTGGAATTGTGAGCGtgcAAgAATT,4,3.8829383,4
440,TCGAGTTTACACTTTATGCTTCCGGCTCGTATAATGTGTGGAcTTGaGAGCGGATAACAAgc,4,3.08392616,4
441,TCGAGTTTACACTTTATGCTTCCGGCTCGTATAATGTGTGGgATTGTGAGCGGAgAAaAATc,4,3.5930873199999995,4
442,TCGAGTTTACACTTTATGCTTCCGGCTCGTATAATGTGTGGAAgTGTGAGCGGgTgACAgTT,4,3.38101061,4
443,TCGAGTTTACACTTTATGCTTCCGGCTCGTATAATGTGTGGAgTTGgGAGCGtATcACAATT,4,3.1541188900000003,4
444,TCGAGTTTACACTTTATGCTTCCGGCTCGTATAATGTGTGGgcTTGTGAGCGcATAACAAcT,4,3.29757855,4
445,TCGAGTTTACACTTTATGCTTCCGGCTCGTATAATGTGTGGcAgTGTGAGCGGcTgACAATT,4,3.99234251,4
446,TCGAGTTTACACTTTATGCTTCCGGCTCGTATAATGTGTGGAATTGTGAGCGcgTAACAAca,4,3.29044334,4
447,TCGAGTTTACACTTTATGCTTCCGGCTCGTATAATGTGTGGAcgTGTGAGCGGAgcACAATT,4,3.6563324,4
448,TCGAGTTTACACTTTATGCTTCCGGCTCGTATAATGTGTGGAAgTGTGAGCGcATAACcATc,4,3.09303568,4
449,TCGAGTTTACACTTTATGCTTCCGGCTCGTATAATGTGTGGAccTGTGAGCGGATggCAATT,4,3.7389266699999997,4
450,TCGAGTTTACACTTTATGCTTCCGGCTCGTATAATGTGTGGAAcTGTGAGCGGATAACtAca,4,3.8907254399999998,4
451,TCGAGTTTACACTTTATGCTTCCGGCTCGTATAATGTGTGGAATTGTGAGCGGcTctCAAgc,5,3.8812688700000004,4
452,TCGAGTTTACACTTTATGCTTCCGGCTCGTATAATGTGTGGAtgTGTGAGCGGAacACAATa,5,3.68322542,4
453,TCGAGTTTACACTTTATGCTTCCGGCTCGTATAATGTGTGGcgTTGTGAGCGGATAACggTc,5,3.56535577,4
454,TCGAGTTTACACTTTATGCTTCCGGCTCGTATAATGTGTGGcgTTGTGAcCGGATAcCAcTT,5,3.5843936100000002,4
455,TCGAGTTTACACTTTATGCTTCCGGCTCGTATAATGTGTGGgtTTGTaAGCGGATcACAATg,5,3.84860967,4
456,TCGAGTTTACACTTTATGCTTCCGGCTCGTATAATGTGTGGAcTgGTGAGCGtgTAACAATg,5,3.36541659,4
457,TCGAGTTTACACTTTATGCTTCCGGCTCGTATAATGTGTGGAAaTGTGAGCGGcTAACAtcc,5,3.2819229099999996,4
458,TCGAGTTTACACTTTATGCTTCCGGCTCGTATAATGTGTGGAAgTGTGAGCGGAgAgCAAag,5,3.9958008400000002,4
459,TCGAGTTTACACTTTATGCTTCCGGCTCGTATAATGTGTGGAtTTGTGAcCGttTAACAATc,5,3.7046960999999996,4
460,TCGAGTTTACACTTTATGCTTCCGGCTCGTATAATGTGTGGAgTTGTGAGCGGtTAgCAAac,5,3.3109313499999997,4
461,TCGAGTTTACACTTTATGCTTCCGGCTCGTATAATGTGTGGAAgcGTGAGCGaATAACAtTc,5,3.48978155,4
462,TCGAGTTTACACTTTATGCTTCCGGCTCGTATAATGTGTGGAAcTGTtAGCGGgTcACAATc,5,3.9537049,4
463,TCGAGTTTACACTTTATGCTTCCGGCTCGTATAATGTGTGGAtTTGTGAGgGcgTAACAATc,5,3.7065972,4
464,TCGAGTTTACACTTTATGCTTCCGGCTCGTATAATGTGTGGgtTTGaGAGCGGgTAACAtTT,5,3.82453018,4
465,TCGAGTTTACACTTTATGCTTCCGGCTCGTATAATGTGTGGgAgTGTGAGCGGATctCAAcT,5,3.04764031,4
466,TCGAGTTTACACTTTATGCTTCCGGCTCGTATAATGTGTGGgAgTGTcAGCGGATAACAAgc,5,3.7860784,4
467,TCGAGTTTACACTTTATGCTTCCGGCTCGTATAATGTGTGGAATaGTGAGCGGATgcCAAag,5,3.6156155400000003,4
468,TCGAGTTTACACTTTATGCTTCCGGCTCGTATAATGTGTGGggaTGTGAGCGGATAAaAAgT,5,3.45181892,4
469,TCGAGTTTACACTTTATGCTTCCGGCTCGTATAATGTGTGGgATTGTGAGCGGActACAAca,5,3.97399033,4
470,TCGAGTTTACACTTTATGCTTCCGGCTCGTATAATGTGTGGgATTGTGAGCGGATtgCcATc,5,3.9145432700000002,4
471,TCGAGTTTACACTTTATGCTTCCGGCTCGTATAATGTGTGGAAgaGTGAGCGGATcgCAATg,5,3.4504430700000004,4
472,TCGAGTTTACACTTTATGCTTCCGGCTCGTATAATGTGTGGgtTTGTGAGCGcAgAACAATc,5,3.6563242799999998,4
473,TCGAGTTTACACTTTATGCTTCCGGCTCGTATAATGTGTGGtAcTGTGAGCGtgTAACAtTa,6,3.47502421,4
474,TCGAGTTTACACTTTATGCTTCCGGCTCGTATAATGTGTGGgATaGTGAcCGGgTcACAATc,6,3.1230442700000003,4
475,TCGAGTTTACACTTTATGCTTCCGGCTCGTATAATGTGTGGcAcTGTGAGCGGATctCAAga,6,3.2946012,4
476,TCGAGTTTACACTTTATGCTTCCGGCTCGTATAATGTGTGGggaTGTGAGCGGcTcACAAaT,6,3.3944454100000003,4
477,TCGAGTTTACACTTTATGCTTCCGGCTCGTATAATGTGTGGctTTGTGAcCGGATAAtAAgc,6,3.5424346599999996,4
478,TCGAGTTTACACTTTATGCTTCCGGCTCGTATAATGTGTGGAccTGTGAGCGGgTgACtATc,6,3.64042402,4
479,TCGAGTTTACACTTTATGCTTCCGGCTCGTATAATGTGTGGAtTTGTGAGCGtAcAtCAtTg,6,3.36026413,4
480,TCGAGTTTACACTTTATGCTTCCGGCTCGTATAATGTGTGGgAcTGTGAGCGtgTAAaAtTT,6,3.67969098,4
481,TCGAGTTTACACTTTATGCTTCCGGCTCGTATAATGTGTGGgtaTGTGAGCGGcTAACAcTg,6,3.68594457,4
482,TCGAGTTTACACTTTATGCTTCCGGCTCGTATAATGTGTGGAtTTGTGAGCGGAcAAgAtgc,6,3.67312834,4
483,TCGAGTTTACACTTTATGCTTCCGGCTCGTATAATGTGTGGgATTGTGAcCGGATcAaAAag,6,3.21565345,4
484,TCGAGTTTACACTTTATGCTTCCGGCTCGTATAATGTGTGGgtaTGTGAGCGGgTtACAtTT,6,3.00193534,4
485,TCGAGTTTACACTTTATGCTTCCGGCTCGTATAATGTGTGGcATTGTGAGCGaATAcgAAgc,6,3.5050114700000004,4
486,TCGAGTTTACACTTTATGCTTCCGGCTCGTATAATGTGTGGAAaTGTGAGCGtATAcgAAag,6,3.12209936,4
487,TCGAGTTTACACTTTATGCTTCCGGCTCGTATAATGTGTGGgAcTGTGAGCGaATgACAtaT,6,3.7853341600000006,4
488,TCGAGTTTACACTTTATGCTTCCGGCTCGTATAATGTGTGGgATTGTGAcCGcATcACAcTc,6,3.6905354299999997,4
489,TCGAGTTTACACTTTATGCTTCCGGCTCGTATAATGTGTGGtAgTGTGAGCGGATcgCAgTc,6,3.55373362,4
490,TCGAGTTTACACTTTATGCTTCCGGCTCGTATAATGTGTGGcgTTGTGAGCGGgTAgtAATg,6,3.4742473599999997,4
491,TCGAGTTTACACTTTATGCTTCCGGCTCGTATAATGTGTGGctaTGTGAGCGGtTAgCAATc,6,3.2870601299999995,4
492,TCGAGTTTACACTTTATGCTTCCGGCTCGTATAATGTGTGGgggTGTGAGCGagTAgCAATT,6,3.5166730800000003,4
493,TCGAGTTTACACTTTATGCTTCCGGCTCGTATAATGTGTGGAAgTGTGAGCGGAcccCAgTa,6,3.8295534,4
494,TCGAGTTTACACTTTATGCTTCCGGCTCGTATAATGTGTGGctgTGTGAGCGGATAtCgATc,6,3.88939753,4
495,TCGAGTTTACACTTTATGCTTCCGGCTCGTATAATGTGTGGAATgGTGAGCGGATAACtATT,2,4.80996515,5
496,TCGAGTTTACACTTTATGCTTCCGGCTCGTATAATGTGTGGAATTGTGAGCGGtTAACtATT,2,4.66079151,5
497,TCGAGTTTACACTTTATGCTTCCGGCTCGTATAATGTGTGGAATcGTGAGCGGATAAaAATT,2,4.2822742,5
498,TCGAGTTTACACTTTATGCTTCCGGCTCGTATAATGTGTGGAATTGTtAGCGGATAACAtTT,2,4.78023989,5
499,TCGAGTTTACACTTTATGCTTCCGGCTCGTATAATGTGTGGAATTGTGAGgGGATAACtATT,2,4.68364115,5
500,TCGAGTTTACACTTTATGCTTCCGGCTCGTATAATGTGTGGAATTGcGAGCGGATAcCAATT,2,4.30502961,5
501,TCGAGTTTACACTTTATGCTTCCGGCTCGTATAATGTGTGGAATTGTGAGCGGAgAACcATT,2,4.68352465,5
502,TCGAGTTTACACTTTATGCTTCCGGCTCGTATAATGTGTGGAATgGTGAGCGGATAtCAATT,2,4.43163074,5
503,TCGAGTTTACACTTTATGCTTCCGGCTCGTATAATGTGTGGgATTGTaAGCGGATAACAATT,2,4.18569776,5
504,TCGAGTTTACACTTTATGCTTCCGGCTCGTATAATGTGTGGAATTGTGAcCGGAgAACAATT,2,4.37832335,5
505,TCGAGTTTACACTTTATGCTTCCGGCTCGTATAATGTGTGGgATTGTGAGCaGATAACAATT,2,4.754021870000001,5
506,TCGAGTTTACACTTTATGCTTCCGGCTCGTATAATGTGTGGAATTGTcAGCGGATAACAtTT,2,4.27762323,5
507,TCGAGTTTACACTTTATGCTTCCGGCTCGTATAATGTGTGGAATTGTaAGCGGATAACAATa,2,4.4999106399999995,5
508,TCGAGTTTACACTTTATGCTTCCGGCTCGTATAATGTGTGGAgTTGTGAtCGGATAACAATT,2,4.41351271,5
509,TCGAGTTTACACTTTATGCTTCCGGCTCGTATAATGTGTGGAATTGaGAGCGaATAACAATT,2,4.06003027,5
510,TCGAGTTTACACTTTATGCTTCCGGCTCGTATAATGTGTGGAATTGTGAGCaGATAACAATg,2,4.2027913,5
511,TCGAGTTTACACTTTATGCTTCCGGCTCGTATAATGTGTGGAATTGTGtGCGGATAACAAaT,2,4.9358305300000005,5
512,TCGAGTTTACACTTTATGCTTCCGGCTCGTATAATGTGTGGAATaGTGAGCGGATAAaAATT,2,4.09702864,5
513,TCGAGTTTACACTTTATGCTTCCGGCTCGTATAATGTGTGGAATTGTGAGtGGATAACAATc,2,4.06699271,5
514,TCGAGTTTACACTTTATGCTTCCGGCTCGTATAATGTGTGGAATcGgGAGCGGATAACAATT,2,4.74772368,5
515,TCGAGTTTACACTTTATGCTTCCGGCTCGTATAATGTGTGGAATTGaGAGCGGATAACAgTT,2,4.35802496,5
516,TCGAGTTTACACTTTATGCTTCCGGCTCGTATAATGTGTGGtATTGTGAGCGGATAACgATT,2,4.23963947,5
517,TCGAGTTTACACTTTATGCTTCCGGCTCGTATAATGTGTGGAATaGTGAGCGGATAACcATa,3,4.53766013,5
518,TCGAGTTTACACTTTATGCTTCCGGCTCGTATAATGTGTGGAATTGTGAGgGGATgACAAcT,3,4.80698795,5
519,TCGAGTTTACACTTTATGCTTCCGGCTCGTATAATGTGTGGAATTGTGAGtGGATAACAAgc,3,4.81283255,5
520,TCGAGTTTACACTTTATGCTTCCGGCTCGTATAATGTGTGGAATTGTGAGCGcATggCAATT,3,4.47478836,5
521,TCGAGTTTACACTTTATGCTTCCGGCTCGTATAATGTGTGGAgTTGTGAaCGGATAACAgTT,3,4.0747728400000005,5
522,TCGAGTTTACACTTTATGCTTCCGGCTCGTATAATGTGTGGAATTGTGAGCGGAcAACtgTT,3,4.63796677,5
523,TCGAGTTTACACTTTATGCTTCCGGCTCGTATAATGTGTGGAATTGTGAGCGGATAgCgAgT,3,4.9598227800000005,5
524,TCGAGTTTACACTTTATGCTTCCGGCTCGTATAATGTGTGGAATTGTGAaCGGATgACAcTT,3,4.69461686,5
525,TCGAGTTTACACTTTATGCTTCCGGCTCGTATAATGTGTGGAAgTGTGAGCcGATAACAATg,3,4.48073302,5
526,TCGAGTTTACACTTTATGCTTCCGGCTCGTATAATGTGTGGAATgGTGAGCGGATAcCAAcT,3,4.13259524,5
527,TCGAGTTTACACTTTATGCTTCCGGCTCGTATAATGTGTGGAATTGTGAcCGcATAACAcTT,3,4.65313257,5
528,TCGAGTTTACACTTTATGCTTCCGGCTCGTATAATGTGTGGAAggGTGAGCGGATAgCAATT,3,4.42449431,5
529,TCGAGTTTACACTTTATGCTTCCGGCTCGTATAATGTGTGGAATTGTGAagGGATcACAATT,3,4.86220225,5
530,TCGAGTTTACACTTTATGCTTCCGGCTCGTATAATGTGTGGAcTTGTGAGCGGAagACAATT,3,4.6422291399999995,5
531,TCGAGTTTACACTTTATGCTTCCGGCTCGTATAATGTGTGGAAgTGTGAGCGcATAAgAATT,3,4.39874379,5
532,TCGAGTTTACACTTTATGCTTCCGGCTCGTATAATGTGTGGAAgTGTcAGCGGATAACAAaT,3,4.13599584,5
533,TCGAGTTTACACTTTATGCTTCCGGCTCGTATAATGTGTGGAAaTGTGAGCGGAcAACgATT,3,4.3472884700000005,5
534,TCGAGTTTACACTTTATGCTTCCGGCTCGTATAATGTGTGGAATaGTGAGCGGATAACctTT,3,4.76442636,5
535,TCGAGTTTACACTTTATGCTTCCGGCTCGTATAATGTGTGGgATTGTGAGCGGtTAtCAATT,3,4.32749371,5
536,TCGAGTTTACACTTTATGCTTCCGGCTCGTATAATGTGTGGtATTGaGAGCGGATAACAtTT,3,4.8092691499999995,5
537,TCGAGTTTACACTTTATGCTTCCGGCTCGTATAATGTGTGGAATaGTGAGCGGgTAACcATT,3,4.39084271,5
538,TCGAGTTTACACTTTATGCTTCCGGCTCGTATAATGTGTGGtATTGgGAGCGGATAcCAATT,3,4.22458838,5
539,TCGAGTTTACACTTTATGCTTCCGGCTCGTATAATGTGTGGAATTGTGAGCGGgcAAgAtTT,4,4.07116483,5
540,TCGAGTTTACACTTTATGCTTCCGGCTCGTATAATGTGTGGAAgTGTGAGCGGATcAgAgTT,4,4.12050458,5
541,TCGAGTTTACACTTTATGCTTCCGGCTCGTATAATGTGTGGAAaTGTcAGCGGATAACAAgg,4,4.34777383,5
542,TCGAGTTTACACTTTATGCTTCCGGCTCGTATAATGTGTGGAATTGTGAcCGtATAACcAcT,4,4.91725937,5
543,TCGAGTTTACACTTTATGCTTCCGGCTCGTATAATGTGTGGAATgGTGAGCGGAcAACcATc,4,4.694618059999999,5
544,TCGAGTTTACACTTTATGCTTCCGGCTCGTATAATGTGTGGAATTGTGAaCGcATcACAAcT,4,4.979678900000001,5
545,TCGAGTTTACACTTTATGCTTCCGGCTCGTATAATGTGTGGgAaTGTGAGCGGtTtACAATT,4,4.6592753600000005,5
546,TCGAGTTTACACTTTATGCTTCCGGCTCGTATAATGTGTGGgATTGcGAGCGGATAACAtaT,4,4.5122353,5
547,TCGAGTTTACACTTTATGCTTCCGGCTCGTATAATGTGTGGAAcTGTGAGCGGATtACcAaT,4,4.22578416,5
548,TCGAGTTTACACTTTATGCTTCCGGCTCGTATAATGTGTGGcgTTGTGAGgGGATAAaAATT,4,4.73005682,5
549,TCGAGTTTACACTTTATGCTTCCGGCTCGTATAATGTGTGGctTaGTGAGCGGcTAACAATT,4,4.65933217,5
550,TCGAGTTTACACTTTATGCTTCCGGCTCGTATAATGTGTGGAcgTGcGAGCGGgTAACAATT,4,4.89837963,5
551,TCGAGTTTACACTTTATGCTTCCGGCTCGTATAATGTGTGGAgaaGTGAGCGGATAACAgTT,4,4.49012801,5
552,TCGAGTTTACACTTTATGCTTCCGGCTCGTATAATGTGTGGAATTGTGAGCGGATgAatATg,4,4.771162340000001,5
553,TCGAGTTTACACTTTATGCTTCCGGCTCGTATAATGTGTGGAcTTGcGAGCGGATAgCAATc,4,4.61336804,5
554,TCGAGTTTACACTTTATGCTTCCGGCTCGTATAATGTGTGGAATTGTGAGCGGAcActAATa,4,4.1095557099999995,5
555,TCGAGTTTACACTTTATGCTTCCGGCTCGTATAATGTGTGGAAaTGTtAGCGGATAACAtTg,4,4.69056637,5
556,TCGAGTTTACACTTTATGCTTCCGGCTCGTATAATGTGTGGcATgGTGAGgGGATAACAATg,4,4.70704996,5
557,TCGAGTTTACACTTTATGCTTCCGGCTCGTATAATGTGTGGAgTTGaGAGCGGATAACcATc,4,4.13011019,5
558,TCGAGTTTACACTTTATGCTTCCGGCTCGTATAATGTGTGGAtaTGTcAGCGGATAACAtTT,4,4.81679135,5
559,TCGAGTTTACACTTTATGCTTCCGGCTCGTATAATGTGTGGAAcTGTGAGCGGgTAcCgATT,4,4.15244721,5
560,TCGAGTTTACACTTTATGCTTCCGGCTCGTATAATGTGTGGAAcTGTGAcCGGATAtCAAgT,4,4.66445954,5
561,TCGAGTTTACACTTTATGCTTCCGGCTCGTATAATGTGTGGcATTGTGAGgGGATgACAtTa,5,4.7421653,5
562,TCGAGTTTACACTTTATGCTTCCGGCTCGTATAATGTGTGGAAgcGTGAcCGGgTAACAATg,5,4.12237939,5
563,TCGAGTTTACACTTTATGCTTCCGGCTCGTATAATGTGTGGAgTTGTGAaCGGATAACtAgg,5,4.897147880000001,5
564,TCGAGTTTACACTTTATGCTTCCGGCTCGTATAATGTGTGGtAaTGTGAGCGGATtACAtTa,5,4.3459238,5
565,TCGAGTTTACACTTTATGCTTCCGGCTCGTATAATGTGTGGAAgTGTGAGCGGATAcaAcaT,5,4.007564530000001,5
566,TCGAGTTTACACTTTATGCTTCCGGCTCGTATAATGTGTGGgggTGTGAaCGGATAACAgTT,5,4.4774958300000005,5
567,TCGAGTTTACACTTTATGCTTCCGGCTCGTATAATGTGTGGAATTGTGAaCGGAcAACAccg,5,4.827579010000001,5
568,TCGAGTTTACACTTTATGCTTCCGGCTCGTATAATGTGTGGAtaTGTGAGCGGgaAACAcTT,5,4.7176765,5
569,TCGAGTTTACACTTTATGCTTCCGGCTCGTATAATGTGTGGAcTTGTGAcCGaATcACAAcT,5,4.3362237200000004,5
570,TCGAGTTTACACTTTATGCTTCCGGCTCGTATAATGTGTGGAAcTGTGAGCGGgTAAaAgaT,5,4.23717827,5
571,TCGAGTTTACACTTTATGCTTCCGGCTCGTATAATGTGTGGAcgTGTGAGCGGATAAaAccT,5,4.83853167,5
572,TCGAGTTTACACTTTATGCTTCCGGCTCGTATAATGTGTGGAtgTGTGAGCGGcTAACAAga,5,4.02446456,5
573,TCGAGTTTACACTTTATGCTTCCGGCTCGTATAATGTGTGGAcTaGTGAGCGGATccCAcTT,5,4.47297323,5
574,TCGAGTTTACACTTTATGCTTCCGGCTCGTATAATGTGTGGttTTGTGAGCGGcTcACAAgT,5,4.71884221,5
575,TCGAGTTTACACTTTATGCTTCCGGCTCGTATAATGTGTGGAATTGTGAGCGGATcAaAcca,5,4.35277281,5
576,TCGAGTTTACACTTTATGCTTCCGGCTCGTATAATGTGTGGgATTGTGAGCGGAaAACcAag,5,4.38784526,5
577,TCGAGTTTACACTTTATGCTTCCGGCTCGTATAATGTGTGGcATgGTGAaCGGATAACAAag,5,4.40692571,5
578,TCGAGTTTACACTTTATGCTTCCGGCTCGTATAATGTGTGGAgacGTGAGCGGATcACAAcT,5,4.11664242,5
579,TCGAGTTTACACTTTATGCTTCCGGCTCGTATAATGTGTGGcATTGTGAGCGGAgActAATc,5,4.2429877199999995,5
580,TCGAGTTTACACTTTATGCTTCCGGCTCGTATAATGTGTGGgAaTGTGAcCGGATAcCAgTT,5,4.13164818,5
581,TCGAGTTTACACTTTATGCTTCCGGCTCGTATAATGTGTGGAAagGTGAGCGGATAACcAac,5,4.14185656,5
582,TCGAGTTTACACTTTATGCTTCCGGCTCGTATAATGTGTGGAAgTGTGAGCGGAgAACAggg,5,4.815366790000001,5
583,TCGAGTTTACACTTTATGCTTCCGGCTCGTATAATGTGTGGAAcTGTGAGCGcATAACttag,6,4.6278863999999995,5
584,TCGAGTTTACACTTTATGCTTCCGGCTCGTATAATGTGTGGAATcGTGAGCGtgTtgCAATc,6,4.91315016,5
585,TCGAGTTTACACTTTATGCTTCCGGCTCGTATAATGTGTGGgATTGTGAGCGGAgtcCAAcc,6,4.73362127,5
586,TCGAGTTTACACTTTATGCTTCCGGCTCGTATAATGTGTGGAAcTGTGAGCGtgcAAgAATa,6,4.7968702,5
587,TCGAGTTTACACTTTATGCTTCCGGCTCGTATAATGTGTGGgATTGgGAGCGGATgcCAAaa,6,4.6619864,5
588,TCGAGTTTACACTTTATGCTTCCGGCTCGTATAATGTGTGGccgTGTGAcCGGATAAtAATa,6,4.97875511,5
589,TCGAGTTTACACTTTATGCTTCCGGCTCGTATAATGTGTGGAcTcGTGAGCGGgTccCAATa,6,4.06100772,5
590,TCGAGTTTACACTTTATGCTTCCGGCTCGTATAATGTGTGGAtTcGTGAGCGGATAcCAgcg,6,4.9196059100000005,5
591,TCGAGTTTACACTTTATGCTTCCGGCTCGTATAATGTGTGGgAgTGTGAGCGGcTAcCAtaT,6,4.02503042,5
592,TCGAGTTTACACTTTATGCTTCCGGCTCGTATAATGTGTGGAgTTGTGAGCGagTAACccaT,6,4.99546285,5
593,TCGAGTTTACACTTTATGCTTCCGGCTCGTATAATGTGTGGAATTGTGAGCGGggcgCAcTg,6,4.9791954,5
594,TCGAGTTTACACTTTATGCTTCCGGCTCGTATAATGTGTGGAAaaGTGAGCGtATAgCAgTc,6,4.81233701,5
595,TCGAGTTTACACTTTATGCTTCCGGCTCGTATAATGTGTGGctTTGTGAGCGtATAtCtAaT,6,4.27786611,5
596,TCGAGTTTACACTTTATGCTTCCGGCTCGTATAATGTGTGGcccTGaGAGCGGATAAtAATc,6,4.96089213,5
597,TCGAGTTTACACTTTATGCTTCCGGCTCGTATAATGTGTGGgAaTGTGAGCGtcTcgCAATT,6,4.6840444,5
598,TCGAGTTTACACTTTATGCTTCCGGCTCGTATAATGTGTGGgATTGTGgGCGtATcACAtTc,6,4.81839848,5
599,TCGAGTTTACACTTTATGCTTCCGGCTCGTATAATGTGTGGtgTTGTGAGCGGcTAACAgac,6,4.69682042,5
600,TCGAGTTTACACTTTATGCTTCCGGCTCGTATAATGTGTGGcAcTGTGAGCGGATttCAAgg,6,4.00198238,5
601,TCGAGTTTACACTTTATGCTTCCGGCTCGTATAATGTGTGGAAccGTGAGCGtgTAcCAAcT,6,4.968429,5
602,TCGAGTTTACACTTTATGCTTCCGGCTCGTATAATGTGTGGgAgTGTGAGCGGAgcAaAATg,6,4.54512987,5
603,TCGAGTTTACACTTTATGCTTCCGGCTCGTATAATGTGTGGgAcTGaGAGCGGAcAcCAATg,6,4.51845564,5
604,TCGAGTTTACACTTTATGCTTCCGGCTCGTATAATGTGTGGctTTGTGAGCGctTAACAcTc,6,4.52455778,5
605,TCGAGTTTACACTTTATGCTTCCGGCTCGTATAATGTGTGGAcTTGTGtGCGGATAACAATT,2,5.38290874,6
606,TCGAGTTTACACTTTATGCTTCCGGCTCGTATAATGTGTGGAATTGTaAGCGGATtACAATT,2,5.75994397,6
607,TCGAGTTTACACTTTATGCTTCCGGCTCGTATAATGTGTGGAATTGTcAGCGGATAtCAATT,2,5.39562912,6
608,TCGAGTTTACACTTTATGCTTCCGGCTCGTATAATGTGTGGAATTGTGtGCGGgTAACAATT,2,5.0615606500000005,6
609,TCGAGTTTACACTTTATGCTTCCGGCTCGTATAATGTGTGGAATTGTGAGCcGATAACAAcT,2,5.5236781200000005,6
610,TCGAGTTTACACTTTATGCTTCCGGCTCGTATAATGTGTGGAATTGTaAGCGGATAACAAcT,2,5.03509867,6
611,TCGAGTTTACACTTTATGCTTCCGGCTCGTATAATGTGTGGAATcGTGAGCGGAgAACAATT,2,5.1169468899999995,6
612,TCGAGTTTACACTTTATGCTTCCGGCTCGTATAATGTGTGGAAgTGTGtGCGGATAACAATT,2,5.20681496,6
613,TCGAGTTTACACTTTATGCTTCCGGCTCGTATAATGTGTGGAATTGcGAGCGGATAACtATT,2,5.87683704,6
614,TCGAGTTTACACTTTATGCTTCCGGCTCGTATAATGTGTGGAATTcTGAGCGGATAACAAaT,2,5.98638977,6
615,TCGAGTTTACACTTTATGCTTCCGGCTCGTATAATGTGTGGAAcTGTGgGCGGATAACAATT,2,5.35187312,6
616,TCGAGTTTACACTTTATGCTTCCGGCTCGTATAATGTGTGGAATTGaGAGCGGAgAACAATT,2,5.57680577,6
617,TCGAGTTTACACTTTATGCTTCCGGCTCGTATAATGTGTGGAATTGTtAGCGGATAACAAcT,2,5.08866169,6
618,TCGAGTTTACACTTTATGCTTCCGGCTCGTATAATGTGTGGAATTGTGAtCGcATAACAATT,2,5.87714992,6
619,TCGAGTTTACACTTTATGCTTCCGGCTCGTATAATGTGTGGAATTGTGAGCaGATAACAAcT,2,5.603422780000001,6
620,TCGAGTTTACACTTTATGCTTCCGGCTCGTATAATGTGTGGAAcTGTGAGCcGATAACAATT,2,5.18392301,6
621,TCGAGTTTACACTTTATGCTTCCGGCTCGTATAATGTGTGGAcTTGTGAGCaGATAACAATT,2,5.2427654200000005,6
622,TCGAGTTTACACTTTATGCTTCCGGCTCGTATAATGTGTGGAATTGTGgGCGGATAACAtTT,2,5.3832064299999995,6
623,TCGAGTTTACACTTTATGCTTCCGGCTCGTATAATGTGTGGAATTGTaAGCGGATgACAATT,2,5.45192645,6
624,TCGAGTTTACACTTTATGCTTCCGGCTCGTATAATGTGTGGAATTGTGAGgGGATAACgATT,2,5.47606927,6
625,TCGAGTTTACACTTTATGCTTCCGGCTCGTATAATGTGTGGAATTGTGAGCGGcaAACAATT,2,5.236224849999999,6
626,TCGAGTTTACACTTTATGCTTCCGGCTCGTATAATGTGTGGAATTaTGAGCGGATAACAtTT,2,5.79871687,6
627,TCGAGTTTACACTTTATGCTTCCGGCTCGTATAATGTGTGGAATgGTGAGCGGATAACcAgT,3,5.43856595,6
628,TCGAGTTTACACTTTATGCTTCCGGCTCGTATAATGTGTGGAATTGTGAGgGGATAtCAAgT,3,5.05114658,6
629,TCGAGTTTACACTTTATGCTTCCGGCTCGTATAATGTGTGGAtTTGTGtGCGtATAACAATT,3,5.3695654500000005,6
630,TCGAGTTTACACTTTATGCTTCCGGCTCGTATAATGTGTGGAAaTGTGAGCcGATAACAAaT,3,5.1324629900000005,6
631,TCGAGTTTACACTTTATGCTTCCGGCTCGTATAATGTGTGGAATTGTGAGCGGcgAACAAaT,3,5.24415079,6
632,TCGAGTTTACACTTTATGCTTCCGGCTCGTATAATGTGTGGAATTGTGAGCGGcTcACgATT,3,5.3602834999999995,6
633,TCGAGTTTACACTTTATGCTTCCGGCTCGTATAATGTGTGGAATTGTGAGCGGATAAacgTT,3,5.34847882,6
634,TCGAGTTTACACTTTATGCTTCCGGCTCGTATAATGTGTGGAATTGTGAGCGGcTAAgAcTT,3,5.82466695,6
635,TCGAGTTTACACTTTATGCTTCCGGCTCGTATAATGTGTGGAATTGTGgGCGGATAACtATc,3,5.825454789999999,6
636,TCGAGTTTACACTTTATGCTTCCGGCTCGTATAATGTGTGGAATTGTGAGCGacTAAgAATT,3,5.857406490000001,6
637,TCGAGTTTACACTTTATGCTTCCGGCTCGTATAATGTGTGGAATTGTGAcgGGATtACAATT,3,5.8804836300000005,6
638,TCGAGTTTACACTTTATGCTTCCGGCTCGTATAATGTGTGGAATTaTGAGCGGAcAACAATc,3,5.2145931,6
639,TCGAGTTTACACTTTATGCTTCCGGCTCGTATAATGTGTGGAtTTGTGAGCcGATAACAcTT,3,5.92078091,6
640,TCGAGTTTACACTTTATGCTTCCGGCTCGTATAATGTGTGGAATTGTGAGCGGATAAggAgT,3,5.837357130000001,6
641,TCGAGTTTACACTTTATGCTTCCGGCTCGTATAATGTGTGGAcTaGTGAGCGGcTAACAATT,3,5.18611499,6
642,TCGAGTTTACACTTTATGCTTCCGGCTCGTATAATGTGTGGAtTTGTaAGCGGATAtCAATT,3,5.96733044,6
643,TCGAGTTTACACTTTATGCTTCCGGCTCGTATAATGTGTGGAATTGTGAcCGGATAtCcATT,3,5.32905427,6
644,TCGAGTTTACACTTTATGCTTCCGGCTCGTATAATGTGTGGAATTGcGAGCGtATgACAATT,3,5.503535510000001,6
645,TCGAGTTTACACTTTATGCTTCCGGCTCGTATAATGTGTGGAATTGTGAGCaGATAACAgTc,3,5.1545201800000005,6
646,TCGAGTTTACACTTTATGCTTCCGGCTCGTATAATGTGTGGAATTGTGAcCGacTAACAATT,3,5.30058902,6
647,TCGAGTTTACACTTTATGCTTCCGGCTCGTATAATGTGTGGcATTGTcAGCGGATAACtATT,3,5.658313189999999,6
648,TCGAGTTTACACTTTATGCTTCCGGCTCGTATAATGTGTGGAAgTGTtAGCGGATAACAAgT,3,5.29775039,6
649,TCGAGTTTACACTTTATGCTTCCGGCTCGTATAATGTGTGGAATTGTGAGCGaATgcgAATT,4,5.240179210000001,6
650,TCGAGTTTACACTTTATGCTTCCGGCTCGTATAATGTGTGGAATaGTGAGCGGAaAACAtTg,4,5.090299099999999,6
651,TCGAGTTTACACTTTATGCTTCCGGCTCGTATAATGTGTGGAcTTGTGAGCGGAgAACAggT,4,5.49765453,6
652,TCGAGTTTACACTTTATGCTTCCGGCTCGTATAATGTGTGGAAcTGTGAGCGGATAgCtcTT,4,5.14512986,6
653,TCGAGTTTACACTTTATGCTTCCGGCTCGTATAATGTGTGGtATTGTGAGCGGAaAtCAATg,4,5.35986666,6
654,TCGAGTTTACACTTTATGCTTCCGGCTCGTATAATGTGTGGcATTGTGAaCGcATAACcATT,4,5.8882498299999995,6
655,TCGAGTTTACACTTTATGCTTCCGGCTCGTATAATGTGTGGAtTTGTGAGCcGgTAACAtTT,4,5.55033607,6
656,TCGAGTTTACACTTTATGCTTCCGGCTCGTATAATGTGTGGAAaTGTGAGCGGtcAgCAATT,4,5.39013862,6
657,TCGAGTTTACACTTTATGCTTCCGGCTCGTATAATGTGTGGAgTTGTcAGCGGAcAACAAaT,4,5.1949804,6
658,TCGAGTTTACACTTTATGCTTCCGGCTCGTATAATGTGTGGAATTGTGAGgGcATgACAATg,4,5.2306807300000004,6
659,TCGAGTTTACACTTTATGCTTCCGGCTCGTATAATGTGTGGAgTTGaGAaCGGATAcCAATT,4,5.944092670000001,6
660,TCGAGTTTACACTTTATGCTTCCGGCTCGTATAATGTGTGGAATTGTGAGgGGATAACctTa,4,5.51166732,6
661,TCGAGTTTACACTTTATGCTTCCGGCTCGTATAATGTGTGGAtTaGgGAGCGtATAACAATT,4,5.08291499,6
662,TCGAGTTTACACTTTATGCTTCCGGCTCGTATAATGTGTGGtATTGTGAGCGctTcACAATT,4,5.814073270000001,6
663,TCGAGTTTACACTTTATGCTTCCGGCTCGTATAATGTGTGGtATaGTGAGCGGAcAACAtTT,4,5.2201486,6
664,TCGAGTTTACACTTTATGCTTCCGGCTCGTATAATGTGTGGAATTGTGAGCGGATttCAgTa,4,5.18218078,6
665,TCGAGTTTACACTTTATGCTTCCGGCTCGTATAATGTGTGGAcTTGTGAGCGatTgACAATT,4,5.62511312,6
666,TCGAGTTTACACTTTATGCTTCCGGCTCGTATAATGTGTGGAAgTGTGAGCGGtcAACAcTT,4,5.1609983900000005,6
667,TCGAGTTTACACTTTATGCTTCCGGCTCGTATAATGTGTGGAcTTGTGAGCGtcTAAtAATT,4,5.554384259999999,6
668,TCGAGTTTACACTTTATGCTTCCGGCTCGTATAATGTGTGGAATTGTGAGCGGAcAAtctTT,4,5.790890329999999,6
669,TCGAGTTTACACTTTATGCTTCCGGCTCGTATAATGTGTGGcAaTGTGAGCcGATAACAATa,4,5.28936019,6
670,TCGAGTTTACACTTTATGCTTCCGGCTCGTATAATGTGTGGAtTTGcGAGCGGATAACAtgT,4,5.24898426,6
671,TCGAGTTTACACTTTATGCTTCCGGCTCGTATAATGTGTGGgATcGTGAGCGcATAACAcaT,5,5.52349467,6
672,TCGAGTTTACACTTTATGCTTCCGGCTCGTATAATGTGTGGAAgTGTGAaCGGATtACAtcT,5,5.67188137,6
673,TCGAGTTTACACTTTATGCTTCCGGCTCGTATAATGTGTGGAAaTGTGAaCGGAaAcCAATg,5,5.43251768,6
674,TCGAGTTTACACTTTATGCTTCCGGCTCGTATAATGTGTGGcATTGTtAGCGGATgACAcTc,5,5.50463982,6
675,TCGAGTTTACACTTTATGCTTCCGGCTCGTATAATGTGTGGAATTGTaAGCGGATgACAgac,5,5.98416332,6
676,TCGAGTTTACACTTTATGCTTCCGGCTCGTATAATGTGTGGAATTGTaAGCGcATccCAATc,5,5.46790025,6
677,TCGAGTTTACACTTTATGCTTCCGGCTCGTATAATGTGTGGAgaTGgGAGCGGATgACAAgT,5,5.18349709,6
678,TCGAGTTTACACTTTATGCTTCCGGCTCGTATAATGTGTGGAATTGTGAGCGaAcAgCcATa,5,5.92118133,6
679,TCGAGTTTACACTTTATGCTTCCGGCTCGTATAATGTGTGGAgTTGTGAGCGagTtAtAATT,5,5.577807849999999,6
680,TCGAGTTTACACTTTATGCTTCCGGCTCGTATAATGTGTGGAtaTGTGAaCGGAgAACAAaT,5,5.55873667,6
681,TCGAGTTTACACTTTATGCTTCCGGCTCGTATAATGTGTGGAgTTGTcAcCGGgTAACAATg,5,5.41844835,6
682,TCGAGTTTACACTTTATGCTTCCGGCTCGTATAATGTGTGGcATcGTGAGCGGATAACttTa,5,5.31051011,6
683,TCGAGTTTACACTTTATGCTTCCGGCTCGTATAATGTGTGGAATTGTcAGCGGATccCAgaT,5,5.8349431,6
684,TCGAGTTTACACTTTATGCTTCCGGCTCGTATAATGTGTGGgcTcGaGAGCGGATcACAATT,5,5.88221228,6
685,TCGAGTTTACACTTTATGCTTCCGGCTCGTATAATGTGTGGAgTTGTGAGCGcATActAtTT,5,5.46534936,6
686,TCGAGTTTACACTTTATGCTTCCGGCTCGTATAATGTGTGGAgTTGaGAcCGGATAgCAATc,5,5.16410769,6
687,TCGAGTTTACACTTTATGCTTCCGGCTCGTATAATGTGTGGAtgTGcGAGCGGATAcCAtTT,5,5.3713793899999995,6
688,TCGAGTTTACACTTTATGCTTCCGGCTCGTATAATGTGTGGAtTcGcGAGCGGATAcCAATc,5,5.77212457,6
689,TCGAGTTTACACTTTATGCTTCCGGCTCGTATAATGTGTGGAAcgGTGAGCGGATAtCAtaT,5,5.65903082,6
690,TCGAGTTTACACTTTATGCTTCCGGCTCGTATAATGTGTGGgATTGTcAcCGGATAACAcTc,5,5.5113604899999995,6
691,TCGAGTTTACACTTTATGCTTCCGGCTCGTATAATGTGTGGAggTGTGAGCGGATAAgttTT,5,5.60347832,6
692,TCGAGTTTACACTTTATGCTTCCGGCTCGTATAATGTGTGGAtcaGTGAGCGGgTAACcATT,5,5.0681728,6
693,TCGAGTTTACACTTTATGCTTCCGGCTCGTATAATGTGTGGtcTaGTGAGCGaATcACAATa,6,5.719269,6
694,TCGAGTTTACACTTTATGCTTCCGGCTCGTATAATGTGTGGAAgaGTGAGCGcAcAACAtTg,6,5.53110995,6
695,TCGAGTTTACACTTTATGCTTCCGGCTCGTATAATGTGTGGgtTTGcGAGCGGATActAATc,6,5.6023957,6
696,TCGAGTTTACACTTTATGCTTCCGGCTCGTATAATGTGTGGtAgTGTGAGCGGATtcgAATg,6,5.562912310000001,6
697,TCGAGTTTACACTTTATGCTTCCGGCTCGTATAATGTGTGGccTTGTGAcCGaATAtCAtTT,6,5.5697149999999995,6
698,TCGAGTTTACACTTTATGCTTCCGGCTCGTATAATGTGTGGgcTcGTGAGCGGATAAaAgTc,6,5.30662589,6
699,TCGAGTTTACACTTTATGCTTCCGGCTCGTATAATGTGTGGAcTaGTGAGCGtATAACtAcc,6,5.067564610000001,6
700,TCGAGTTTACACTTTATGCTTCCGGCTCGTATAATGTGTGGAgaTGTGAGCGtATAACccgT,6,5.0548461300000005,6
701,TCGAGTTTACACTTTATGCTTCCGGCTCGTATAATGTGTGGAcaaGTGAGCGGAcAACtATg,6,5.795740210000001,6
702,TCGAGTTTACACTTTATGCTTCCGGCTCGTATAATGTGTGGAAaTGaGAGCGGAcAtCAAgc,6,5.72667194,6
703,TCGAGTTTACACTTTATGCTTCCGGCTCGTATAATGTGTGGAcTTGTGAcCGGATcgCAcTa,6,5.1074949499999995,6
704,TCGAGTTTACACTTTATGCTTCCGGCTCGTATAATGTGTGGgtTTGaGAGCGtATgcCAATT,6,5.245685470000001,6
705,TCGAGTTTACACTTTATGCTTCCGGCTCGTATAATGTGTGGAAcTGTGAaCGcATctCAATg,6,5.83775144,6
706,TCGAGTTTACACTTTATGCTTCCGGCTCGTATAATGTGTGGAtaTGgGAGCGGAcgACAAaT,6,5.34230372,6
707,TCGAGTTTACACTTTATGCTTCCGGCTCGTATAATGTGTGGggggGTGAGCGGATAcCAcTT,6,5.170460390000001,6
708,TCGAGTTTACACTTTATGCTTCCGGCTCGTATAATGTGTGGggTTGTcAGCGGATcgCAAaT,6,5.56969011,6
709,TCGAGTTTACACTTTATGCTTCCGGCTCGTATAATGTGTGGAATTGTGAGCGGAcgtCAcgg,6,5.47980931,6
710,TCGAGTTTACACTTTATGCTTCCGGCTCGTATAATGTGTGGgATTGTGAcCGcAcAcCAtTT,6,5.68182475,6
711,TCGAGTTTACACTTTATGCTTCCGGCTCGTATAATGTGTGGcgaaGaGAGCGGATcACAATT,6,5.7797071,6
712,TCGAGTTTACACTTTATGCTTCCGGCTCGTATAATGTGTGGtAaTGTaAGCGGATcACAAac,6,5.00110512,6
713,TCGAGTTTACACTTTATGCTTCCGGCTCGTATAATGTGTGGccTTGTGAaCGGAaAgCAATc,6,5.71487929,6
714,TCGAGTTTACACTTTATGCTTCCGGCTCGTATAATGTGTGGgATTGTGAGCGtcTttCAATg,6,5.698977439999999,6
715,TCGAGTTTACACTTTATGCTTCCGGCTCGTATAATGTGTGGAATTtTGAGCGGATAACAATa,2,6.2891948499999994,7
716,TCGAGTTTACACTTTATGCTTCCGGCTCGTATAATGTGTGGAATTGTGgGCGGATAtCAATT,2,6.50121232,7
717,TCGAGTTTACACTTTATGCTTCCGGCTCGTATAATGTGTGGAATTGTGAtCGGtTAACAATT,2,6.63126115,7
718,TCGAGTTTACACTTTATGCTTCCGGCTCGTATAATGTGTGGAATTGTGgGCGGATAACtATT,2,6.8795467299999995,7
719,TCGAGTTTACACTTTATGCTTCCGGCTCGTATAATGTGTGGAATgGTaAGCGGATAACAATT,2,6.868270279999999,7
720,TCGAGTTTACACTTTATGCTTCCGGCTCGTATAATGTGTGGAATTGTGcGCGGATAACAAgT,2,6.431318650000001,7
721,TCGAGTTTACACTTTATGCTTCCGGCTCGTATAATGTGTGGAATTGTtAGCGGAgAACAATT,2,6.9126318399999995,7
722,TCGAGTTTACACTTTATGCTTCCGGCTCGTATAATGTGTGGAATTGTGtGCGGATAACAcTT,2,6.018021210000001,7
723,TCGAGTTTACACTTTATGCTTCCGGCTCGTATAATGTGTGGAATTGTGtGCGGATAtCAATT,2,6.55315019,7
724,TCGAGTTTACACTTTATGCTTCCGGCTCGTATAATGTGTGGAATTGTtAaCGGATAACAATT,2,6.4086831,7
725,TCGAGTTTACACTTTATGCTTCCGGCTCGTATAATGTGTGGAATTGTGgGCGGATAACcATT,2,6.76230769,7
726,TCGAGTTTACACTTTATGCTTCCGGCTCGTATAATGTGTGGAATTtTGAGCGtATAACAATT,2,6.32773455,7
727,TCGAGTTTACACTTTATGCTTCCGGCTCGTATAATGTGTGGAATTGTaAGCGGtTAACAATT,2,6.71909664,7
728,TCGAGTTTACACTTTATGCTTCCGGCTCGTATAATGTGTGGAATTGTaAGCGGcTAACAATT,2,6.579702319999999,7
729,TCGAGTTTACACTTTATGCTTCCGGCTCGTATAATGTGTGGAATTaTGAGCGGATAACAAcT,2,6.10713867,7
730,TCGAGTTTACACTTTATGCTTCCGGCTCGTATAATGTGTGGAATTGTGcGCGaATAACAATT,2,6.88711098,7
731,TCGAGTTTACACTTTATGCTTCCGGCTCGTATAATGTGTGGAATTGTGtGCGGATAAaAATT,2,6.73286356,7
732,TCGAGTTTACACTTTATGCTTCCGGCTCGTATAATGTGTGGAATTGTGAGCtGATAACAATa,2,6.432372969999999,7
733,TCGAGTTTACACTTTATGCTTCCGGCTCGTATAATGTGTGGAATTGTGAcCcGATAACAATT,2,6.28915628,7
734,TCGAGTTTACACTTTATGCTTCCGGCTCGTATAATGTGTGGAATcGTaAGCGGATAACAATT,2,6.53920037,7
735,TCGAGTTTACACTTTATGCTTCCGGCTCGTATAATGTGTGGAATTtTGAGCGGATAACAAgT,2,6.6757852,7
736,TCGAGTTTACACTTTATGCTTCCGGCTCGTATAATGTGTGGAATTGTGAGCcGATAACtATT,2,6.71159662,7
737,TCGAGTTTACACTTTATGCTTCCGGCTCGTATAATGTGTGGAATTGTcAGCGcATAcCAATT,3,6.02648036,7
738,TCGAGTTTACACTTTATGCTTCCGGCTCGTATAATGTGTGGAATTGaGAtCGGATAACAATg,3,6.4050298,7
739,TCGAGTTTACACTTTATGCTTCCGGCTCGTATAATGTGTGGAgTcGTcAGCGGATAACAATT,3,6.45083378,7
740,TCGAGTTTACACTTTATGCTTCCGGCTCGTATAATGTGTGGAATTGTGAGCcGATAACAcTa,3,6.15738272,7
741,TCGAGTTTACACTTTATGCTTCCGGCTCGTATAATGTGTGGAAaTGTcAGCGGATAACgATT,3,6.98291209,7
742,TCGAGTTTACACTTTATGCTTCCGGCTCGTATAATGTGTGGAATTGTGAcgGGtTAACAATT,3,6.8396363000000004,7
743,TCGAGTTTACACTTTATGCTTCCGGCTCGTATAATGTGTGGAgTTaTGAGCGGATAgCAATT,3,6.912587,7
744,TCGAGTTTACACTTTATGCTTCCGGCTCGTATAATGTGTGGAATTGTGAcCaGATcACAATT,3,6.415359130000001,7
745,TCGAGTTTACACTTTATGCTTCCGGCTCGTATAATGTGTGGAATTGcGAGCGGAacACAATT,3,6.63812289,7
746,TCGAGTTTACACTTTATGCTTCCGGCTCGTATAATGTGTGGAcTTGTaAGCGcATAACAATT,3,6.49876557,7
747,TCGAGTTTACACTTTATGCTTCCGGCTCGTATAATGTGTGGAAcTGTGAGCtGATAACAAaT,3,6.71450784,7
748,TCGAGTTTACACTTTATGCTTCCGGCTCGTATAATGTGTGGAATTaTGAGCGGATcACAAgT,3,6.00499918,7
749,TCGAGTTTACACTTTATGCTTCCGGCTCGTATAATGTGTGGAAgcGTaAGCGGATAACAATT,3,6.89688675,7
750,TCGAGTTTACACTTTATGCTTCCGGCTCGTATAATGTGTGGAATTGgGAGCGcATAAaAATT,3,6.0572437,7
751,TCGAGTTTACACTTTATGCTTCCGGCTCGTATAATGTGTGGAAgTaTGAGCGGATAcCAATT,3,6.08093612,7
752,TCGAGTTTACACTTTATGCTTCCGGCTCGTATAATGTGTGGAATTGTtAGCGGgTAtCAATT,3,6.11067785,7
753,TCGAGTTTACACTTTATGCTTCCGGCTCGTATAATGTGTGGAATaGTGAGCGcAgAACAATT,3,6.75602559,7
754,TCGAGTTTACACTTTATGCTTCCGGCTCGTATAATGTGTGGAAaTGTGcGCGGATcACAATT,3,6.1484574400000005,7
755,TCGAGTTTACACTTTATGCTTCCGGCTCGTATAATGTGTGGAtTTGcGAGCGGcTAACAATT,3,6.35616987,7
756,TCGAGTTTACACTTTATGCTTCCGGCTCGTATAATGTGTGGAATTGTGAaCGaAaAACAATT,3,6.21327478,7
757,TCGAGTTTACACTTTATGCTTCCGGCTCGTATAATGTGTGGAATTtTGAGCGGATAACAgTg,3,6.92337826,7
758,TCGAGTTTACACTTTATGCTTCCGGCTCGTATAATGTGTGGAATTGTGAGCGGcTAACtgTT,3,6.02102405,7
759,TCGAGTTTACACTTTATGCTTCCGGCTCGTATAATGTGTGGAtTTGTGtGCGGATgACAAaT,4,6.369743510000001,7
760,TCGAGTTTACACTTTATGCTTCCGGCTCGTATAATGTGTGGAATTGTGAGCaGAcAACcATc,4,6.67599419,7
761,TCGAGTTTACACTTTATGCTTCCGGCTCGTATAATGTGTGGAATTGTGAGCGGATtttAAgT,4,6.25291801,7
762,TCGAGTTTACACTTTATGCTTCCGGCTCGTATAATGTGTGGAATgGTcAGCGGATtACAATc,4,6.98440752,7
763,TCGAGTTTACACTTTATGCTTCCGGCTCGTATAATGTGTGGAtgTGTGAGCaGATtACAATT,4,6.80860214,7
764,TCGAGTTTACACTTTATGCTTCCGGCTCGTATAATGTGTGGgATTGTGgGCGaATcACAATT,4,6.09031768,7
765,TCGAGTTTACACTTTATGCTTCCGGCTCGTATAATGTGTGGAcTTGTGAcCGGATAAgtATT,4,6.49278501,7
766,TCGAGTTTACACTTTATGCTTCCGGCTCGTATAATGTGTGGgATTGTGgGCGtAcAACAATT,4,6.2960004000000005,7
767,TCGAGTTTACACTTTATGCTTCCGGCTCGTATAATGTGTGGAtTTGcGAGCGGATgtCAATT,4,6.93241561,7
768,TCGAGTTTACACTTTATGCTTCCGGCTCGTATAATGTGTGGAAggGTGAcCGGATAAgAATT,4,6.9619443400000005,7
769,TCGAGTTTACACTTTATGCTTCCGGCTCGTATAATGTGTGGAAgTGTGAcCGGAgAAgAATT,4,6.952742879999999,7
770,TCGAGTTTACACTTTATGCTTCCGGCTCGTATAATGTGTGGgATaGTGAGCGGATAAgcATT,4,6.440180399999999,7
771,TCGAGTTTACACTTTATGCTTCCGGCTCGTATAATGTGTGGgATcGTGAGCGGATtAtAATT,4,6.24663239,7
772,TCGAGTTTACACTTTATGCTTCCGGCTCGTATAATGTGTGGttTTGTGtGCGGATcACAATT,4,6.383089780000001,7
773,TCGAGTTTACACTTTATGCTTCCGGCTCGTATAATGTGTGGAcTTGcGAGCGtATAAtAATT,4,6.909824110000001,7
774,TCGAGTTTACACTTTATGCTTCCGGCTCGTATAATGTGTGGAATTGTGAcgGGATgACAAgT,4,6.318305950000001,7
775,TCGAGTTTACACTTTATGCTTCCGGCTCGTATAATGTGTGGcATTGTGAGCaGgTAtCAATT,4,6.5097886,7
776,TCGAGTTTACACTTTATGCTTCCGGCTCGTATAATGTGTGGAATTGTGAGCGGAggtCAAcT,4,6.6281321,7
777,TCGAGTTTACACTTTATGCTTCCGGCTCGTATAATGTGTGGtAcTGTGAGCGGcTAACcATT,4,6.32369589,7
778,TCGAGTTTACACTTTATGCTTCCGGCTCGTATAATGTGTGGggTTGTGAGtGGATAgCAATT,4,6.86600711,7
779,TCGAGTTTACACTTTATGCTTCCGGCTCGTATAATGTGTGGgcTTGTaAaCGGATAACAATT,4,6.933936849999999,7
780,TCGAGTTTACACTTTATGCTTCCGGCTCGTATAATGTGTGGAATTGTGAGCGGATAAagcgT,4,6.6732515900000005,7
781,TCGAGTTTACACTTTATGCTTCCGGCTCGTATAATGTGTGGgAaTGTtAGCGGgTtACAATT,5,6.48749611,7
782,TCGAGTTTACACTTTATGCTTCCGGCTCGTATAATGTGTGGcATTGcGAGCGtATgACAAgT,5,6.133725010000001,7
783,TCGAGTTTACACTTTATGCTTCCGGCTCGTATAATGTGTGGAtgTGTGAGtGtATAACAtTT,5,6.58522362,7
784,TCGAGTTTACACTTTATGCTTCCGGCTCGTATAATGTGTGGAtTcGTGAGCGcATAAgAATa,5,6.9214938,7
785,TCGAGTTTACACTTTATGCTTCCGGCTCGTATAATGTGTGGgtTTGTGgGCGGgcAACAATT,5,6.233290960000001,7
786,TCGAGTTTACACTTTATGCTTCCGGCTCGTATAATGTGTGGAATcGTGAGCGGgTAcCgAaT,5,6.08300597,7
787,TCGAGTTTACACTTTATGCTTCCGGCTCGTATAATGTGTGGcATTGTGgGCGtgTAACAAcT,5,6.18619915,7
788,TCGAGTTTACACTTTATGCTTCCGGCTCGTATAATGTGTGGAAcTGTGAtCGGATAAgAAgc,5,6.5159891199999995,7
789,TCGAGTTTACACTTTATGCTTCCGGCTCGTATAATGTGTGGAATcGTGAcCGGATgAtAATc,5,6.499401999999999,7
790,TCGAGTTTACACTTTATGCTTCCGGCTCGTATAATGTGTGGAAgTGTGAGCGcATAACgtgT,5,6.388650340000001,7
791,TCGAGTTTACACTTTATGCTTCCGGCTCGTATAATGTGTGGgtTTGTGAGgGGAaAACAAgT,5,6.31199294,7
792,TCGAGTTTACACTTTATGCTTCCGGCTCGTATAATGTGTGGAATTGcGAGCGtAcgACAATa,5,6.918768890000001,7
793,TCGAGTTTACACTTTATGCTTCCGGCTCGTATAATGTGTGGcgTTGTcAGCGGATAtCAtTT,5,6.2266815499999995,7
794,TCGAGTTTACACTTTATGCTTCCGGCTCGTATAATGTGTGGtAaTGgGAGCGGATtACAAcT,5,6.644280570000001,7
795,TCGAGTTTACACTTTATGCTTCCGGCTCGTATAATGTGTGGAATTGgGAGCGcccAACAATc,5,6.6144418400000005,7
796,TCGAGTTTACACTTTATGCTTCCGGCTCGTATAATGTGTGGtAgTGTGAtCGGATAcCAATa,5,6.6451654499999995,7
797,TCGAGTTTACACTTTATGCTTCCGGCTCGTATAATGTGTGGAAgTGgGAcCGtATAtCAATT,5,6.46859732,7
798,TCGAGTTTACACTTTATGCTTCCGGCTCGTATAATGTGTGGtAcTGgGAGCGtATAtCAATT,5,6.370533,7
799,TCGAGTTTACACTTTATGCTTCCGGCTCGTATAATGTGTGGgATTGcGAGCGGgctACAATT,5,6.7272164100000005,7
800,TCGAGTTTACACTTTATGCTTCCGGCTCGTATAATGTGTGGAATTGTcAGCGGAcAcCAAca,5,6.511827,7
801,TCGAGTTTACACTTTATGCTTCCGGCTCGTATAATGTGTGGAATTGTGAGCGcgTtACAgcT,5,6.05010353,7
802,TCGAGTTTACACTTTATGCTTCCGGCTCGTATAATGTGTGGAgTTGcGAGCGaATAgCAATg,5,6.18980508,7
803,TCGAGTTTACACTTTATGCTTCCGGCTCGTATAATGTGTGGAATTGTGAGgGGgTcgtAtTT,6,6.96916365,7
804,TCGAGTTTACACTTTATGCTTCCGGCTCGTATAATGTGTGGcAgcGTGAGCGaATAACttTT,6,6.510579170000001,7
805,TCGAGTTTACACTTTATGCTTCCGGCTCGTATAATGTGTGGAtTTGTaAGCGaATgACAAag,6,6.35671429,7
806,TCGAGTTTACACTTTATGCTTCCGGCTCGTATAATGTGTGGcATTGcGAGCGGgTtcCAATa,6,6.3803436499999995,7
807,TCGAGTTTACACTTTATGCTTCCGGCTCGTATAATGTGTGGcATTGTGAGgGGAcAACgAgc,6,6.10815072,7
808,TCGAGTTTACACTTTATGCTTCCGGCTCGTATAATGTGTGGAAcTGTGAGCGctTgACAcTc,6,6.38350815,7
809,TCGAGTTTACACTTTATGCTTCCGGCTCGTATAATGTGTGGgAggGTGAGCGGATAgCAggT,6,6.71499762,7
810,TCGAGTTTACACTTTATGCTTCCGGCTCGTATAATGTGTGGAgggGTGAGCGcATAAtAATg,6,6.9478865999999995,7
811,TCGAGTTTACACTTTATGCTTCCGGCTCGTATAATGTGTGGAcgTGaGAGCGcATAACAtgT,6,6.90604446,7
812,TCGAGTTTACACTTTATGCTTCCGGCTCGTATAATGTGTGGtgaTGTGAGCGGATAcCgcTT,6,6.69628818,7
813,TCGAGTTTACACTTTATGCTTCCGGCTCGTATAATGTGTGGcAgTGTGAGCGaAgAtCAAcT,6,6.76053501,7
814,TCGAGTTTACACTTTATGCTTCCGGCTCGTATAATGTGTGGccagGTGAGCGGgaAACAATT,6,6.5718751399999995,7
815,TCGAGTTTACACTTTATGCTTCCGGCTCGTATAATGTGTGGgATTGTGAcCGaAcAAgAtTT,6,6.765317219999999,7
816,TCGAGTTTACACTTTATGCTTCCGGCTCGTATAATGTGTGGtccTGTGAGCGGggAACAAgT,6,6.12999748,7
817,TCGAGTTTACACTTTATGCTTCCGGCTCGTATAATGTGTGGtAgTGTGAGCGGATtcCcAcT,6,6.711927620000001,7
818,TCGAGTTTACACTTTATGCTTCCGGCTCGTATAATGTGTGGggTTGTGAGCcGATAAgAAgc,6,6.94344531,7
819,TCGAGTTTACACTTTATGCTTCCGGCTCGTATAATGTGTGGAAgaGTGAGCGGATAgtAtaT,6,6.76667025,7
820,TCGAGTTTACACTTTATGCTTCCGGCTCGTATAATGTGTGGcATTGgGAGCGGcctACAATg,6,6.84164804,7
821,TCGAGTTTACACTTTATGCTTCCGGCTCGTATAATGTGTGGAAcTGTGAGCGaATAAttAaa,6,6.46839578,7
822,TCGAGTTTACACTTTATGCTTCCGGCTCGTATAATGTGTGGAATTGTGAGgGagTAACgAgc,6,6.58188141,7
823,TCGAGTTTACACTTTATGCTTCCGGCTCGTATAATGTGTGGAtTTGTGAGCGaATctCgtTT,6,6.53555951,7
824,TCGAGTTTACACTTTATGCTTCCGGCTCGTATAATGTGTGGgcgTGTGAGgGGATtACAcTT,6,6.32596373,7
825,TCGAGTTTACACTTTATGCTTCCGGCTCGTATAATGTGTGGAATTGTaAGCGGATAACgATT,2,7.01544529,8
826,TCGAGTTTACACTTTATGCTTCCGGCTCGTATAATGTGTGGAATTaTGAGCGGATAAaAATT,2,7.09643613,8
827,TCGAGTTTACACTTTATGCTTCCGGCTCGTATAATGTGTGGAATTGTGgGgGGATAACAATT,2,7.39847584,8
828,TCGAGTTTACACTTTATGCTTCCGGCTCGTATAATGTGTGGAATTGTGgGCGGcTAACAATT,2,7.23623188,8
829,TCGAGTTTACACTTTATGCTTCCGGCTCGTATAATGTGTGGAATTGTGAGCcGtTAACAATT,2,7.20767609,8
830,TCGAGTTTACACTTTATGCTTCCGGCTCGTATAATGTGTGGAATTGTGAGCtGATAACAcTT,2,7.24201611,8
831,TCGAGTTTACACTTTATGCTTCCGGCTCGTATAATGTGTGGAATTGTGcGCGGATAtCAATT,2,7.38950042,8
832,TCGAGTTTACACTTTATGCTTCCGGCTCGTATAATGTGTGGAAgTGTGAGaGGATAACAATT,2,7.356427989999999,8
833,TCGAGTTTACACTTTATGCTTCCGGCTCGTATAATGTGTGGAAaTGTGAGaGGATAACAATT,2,7.41526205,8
834,TCGAGTTTACACTTTATGCTTCCGGCTCGTATAATGTGTGGAATTGatAGCGGATAACAATT,2,7.0526222700000005,8
835,TCGAGTTTACACTTTATGCTTCCGGCTCGTATAATGTGTGGAcTTGTGAGaGGATAACAATT,2,7.53252177,8
836,TCGAGTTTACACTTTATGCTTCCGGCTCGTATAATGTGTGGAATTtTGAGCGGATAACAgTT,2,7.42957222,8
837,TCGAGTTTACACTTTATGCTTCCGGCTCGTATAATGTGTGGAATTaTGAaCGGATAACAATT,2,7.42716008,8
838,TCGAGTTTACACTTTATGCTTCCGGCTCGTATAATGTGTGGAATTGTGgGCGGATAACgATT,2,7.67197485,8
839,TCGAGTTTACACTTTATGCTTCCGGCTCGTATAATGTGTGGAATTGTGtGCGGcTAACAATT,2,7.28816975,8
840,TCGAGTTTACACTTTATGCTTCCGGCTCGTATAATGTGTGGAATTGTGcGCGGATAgCAATT,2,7.02467761,8
841,TCGAGTTTACACTTTATGCTTCCGGCTCGTATAATGTGTGGAATTGTGgaCGGATAACAATT,2,7.01164964,8
842,TCGAGTTTACACTTTATGCTTCCGGCTCGTATAATGTGTGGAATTGTGAGtGGAgAACAATT,2,7.83949232,8
843,TCGAGTTTACACTTTATGCTTCCGGCTCGTATAATGTGTGGAATTGTGAGCaGtTAACAATT,2,7.287420750000001,8
844,TCGAGTTTACACTTTATGCTTCCGGCTCGTATAATGTGTGGAATcGTGtGCGGATAACAATT,2,7.2476678,8
845,TCGAGTTTACACTTTATGCTTCCGGCTCGTATAATGTGTGGAATTGTGAGCaGAaAACAATT,2,7.50616894,8
846,TCGAGTTTACACTTTATGCTTCCGGCTCGTATAATGTGTGGAATTGTGAatGGATAACAATT,2,7.33554358,8
847,TCGAGTTTACACTTTATGCTTCCGGCTCGTATAATGTGTGGAATTGTGAGCtGATcACAAcT,3,7.01401919,8
848,TCGAGTTTACACTTTATGCTTCCGGCTCGTATAATGTGTGGAATTGgGAGCcGgTAACAATT,3,7.19085713,8
849,TCGAGTTTACACTTTATGCTTCCGGCTCGTATAATGTGTGGAAgcGTGgGCGGATAACAATT,3,7.553416309999999,8
850,TCGAGTTTACACTTTATGCTTCCGGCTCGTATAATGTGTGGAATTGTaAaCGGATAACAgTT,3,7.85474694,8
851,TCGAGTTTACACTTTATGCTTCCGGCTCGTATAATGTGTGGAATaGTGAGCGGAaAAgAATT,3,7.227210489999999,8
852,TCGAGTTTACACTTTATGCTTCCGGCTCGTATAATGTGTGGAATTGTcAGCGGATAtCcATT,3,7.3607461,8
853,TCGAGTTTACACTTTATGCTTCCGGCTCGTATAATGTGTGGAATTGTGAGCGctTAACgATT,3,7.27754389,8
854,TCGAGTTTACACTTTATGCTTCCGGCTCGTATAATGTGTGGAATTGTGAGCGGtTAAagATT,3,7.33695461,8
855,TCGAGTTTACACTTTATGCTTCCGGCTCGTATAATGTGTGGAATTGTaAGCGGATtACtATT,3,7.842299990000001,8
856,TCGAGTTTACACTTTATGCTTCCGGCTCGTATAATGTGTGGAATTaTGAGCGaATAgCAATT,3,7.75353212,8
857,TCGAGTTTACACTTTATGCTTCCGGCTCGTATAATGTGTGGAATTGcGAGCGaAaAACAATT,3,7.79329687,8
858,TCGAGTTTACACTTTATGCTTCCGGCTCGTATAATGTGTGGAATTcTGAGCGGAcAACAAgT,3,7.70151155,8
859,TCGAGTTTACACTTTATGCTTCCGGCTCGTATAATGTGTGGAAgaGTGAGCcGATAACAATT,3,7.20022064,8
860,TCGAGTTTACACTTTATGCTTCCGGCTCGTATAATGTGTGGAAaTGTGAGgcGATAACAATT,3,7.64704617,8
861,TCGAGTTTACACTTTATGCTTCCGGCTCGTATAATGTGTGGAAcTGTGAGCtGATAACAtTT,3,7.213821609999999,8
862,TCGAGTTTACACTTTATGCTTCCGGCTCGTATAATGTGTGGgATTGTGtGCGGAaAACAATT,3,7.691348870000001,8
863,TCGAGTTTACACTTTATGCTTCCGGCTCGTATAATGTGTGGAATTGcGAGCGGcTtACAATT,3,7.852805010000001,8
864,TCGAGTTTACACTTTATGCTTCCGGCTCGTATAATGTGTGGcATTtTGAGCGaATAACAATT,3,7.015927189999999,8
865,TCGAGTTTACACTTTATGCTTCCGGCTCGTATAATGTGTGGAATcGTGAGCGcAaAACAATT,3,7.02004716,8
866,TCGAGTTTACACTTTATGCTTCCGGCTCGTATAATGTGTGGcATTtTGAGCGGATAACAgTT,3,7.31392188,8
867,TCGAGTTTACACTTTATGCTTCCGGCTCGTATAATGTGTGGAATTGTGAGtGtATAAaAATT,3,7.40260882,8
868,TCGAGTTTACACTTTATGCTTCCGGCTCGTATAATGTGTGGAATTGTcAGCGGATAtCtATT,3,7.4779851399999995,8
869,TCGAGTTTACACTTTATGCTTCCGGCTCGTATAATGTGTGGAATaGTGAcCGGATAAgAcTT,4,7.2588351200000005,8
870,TCGAGTTTACACTTTATGCTTCCGGCTCGTATAATGTGTGGAATTGTaAGCGGATgAgAAaT,4,7.75536155,8
871,TCGAGTTTACACTTTATGCTTCCGGCTCGTATAATGTGTGGAATTGTtAcCGGgTAgCAATT,4,7.4057707200000005,8
872,TCGAGTTTACACTTTATGCTTCCGGCTCGTATAATGTGTGGAcTTGgGAGgGGcTAACAATT,4,7.9232909199999995,8
873,TCGAGTTTACACTTTATGCTTCCGGCTCGTATAATGTGTGGAATTtTGAGCGGATAACcAag,4,7.475570329999999,8
874,TCGAGTTTACACTTTATGCTTCCGGCTCGTATAATGTGTGGAATTGTtAGCGGcTAtCAATc,4,7.283195009999999,8
875,TCGAGTTTACACTTTATGCTTCCGGCTCGTATAATGTGTGGAgTTGgGcGCGGATAACAATc,4,7.34125838,8
876,TCGAGTTTACACTTTATGCTTCCGGCTCGTATAATGTGTGGAgaTcTGAGCGtATAACAATT,4,7.0746845,8
877,TCGAGTTTACACTTTATGCTTCCGGCTCGTATAATGTGTGGAATTGTcAGCGGAgcACAgTT,4,7.9561002300000006,8
878,TCGAGTTTACACTTTATGCTTCCGGCTCGTATAATGTGTGGAATTGTGAGgGGtTAACcAaT,4,7.231539549999999,8
879,TCGAGTTTACACTTTATGCTTCCGGCTCGTATAATGTGTGGAgTTGTGAGtGGtTAACAATc,4,7.00611525,8
880,TCGAGTTTACACTTTATGCTTCCGGCTCGTATAATGTGTGGAAgTGcGAGCGGtTAACAAcT,4,7.62504041,8
881,TCGAGTTTACACTTTATGCTTCCGGCTCGTATAATGTGTGGgATTGTGAGtGGgTAACtATT,4,7.460909350000001,8
882,TCGAGTTTACACTTTATGCTTCCGGCTCGTATAATGTGTGGAATTGTcAGCGaATAACgAaT,4,7.85472577,8
883,TCGAGTTTACACTTTATGCTTCCGGCTCGTATAATGTGTGGAATTGTGAtCGGATAtCAcaT,4,7.01244185,8
884,TCGAGTTTACACTTTATGCTTCCGGCTCGTATAATGTGTGGAgTTGcGAGCGatTAACAATT,4,7.9352357300000005,8
885,TCGAGTTTACACTTTATGCTTCCGGCTCGTATAATGTGTGGAATTGTGAcCtGATAACAtTc,4,7.264962939999999,8
886,TCGAGTTTACACTTTATGCTTCCGGCTCGTATAATGTGTGGAATTGTGAcCGGAaAtCAcTT,4,7.3300136,8
887,TCGAGTTTACACTTTATGCTTCCGGCTCGTATAATGTGTGGAATTGTGAGtGaATAACAgaT,4,7.9090456300000005,8
888,TCGAGTTTACACTTTATGCTTCCGGCTCGTATAATGTGTGGcAaTGTGcGCGGATAAaAATT,4,7.87008389,8
889,TCGAGTTTACACTTTATGCTTCCGGCTCGTATAATGTGTGGAATTGcGAGCGGtTAcCAtTT,4,7.469480819999999,8
890,TCGAGTTTACACTTTATGCTTCCGGCTCGTATAATGTGTGGAATTGTGgGCGaATAcCAAgT,4,7.25521131,8
891,TCGAGTTTACACTTTATGCTTCCGGCTCGTATAATGTGTGGAATaGaGAGCGGAaAcCAATg,5,7.873230069999999,8
892,TCGAGTTTACACTTTATGCTTCCGGCTCGTATAATGTGTGGgATgGcGAGCGGATAACtATc,5,7.595390839999999,8
893,TCGAGTTTACACTTTATGCTTCCGGCTCGTATAATGTGTGGAtaTGTcAGCGaATAAtAATT,5,7.6161815399999995,8
894,TCGAGTTTACACTTTATGCTTCCGGCTCGTATAATGTGTGGgATTGaGAGgGGAaAACAATg,5,7.79570956,8
895,TCGAGTTTACACTTTATGCTTCCGGCTCGTATAATGTGTGGcAgTGTGAGCaGATAAgAAaT,5,7.2544564000000005,8
896,TCGAGTTTACACTTTATGCTTCCGGCTCGTATAATGTGTGGAcTcGTGAcCGGAaAACAtTT,5,7.97543446,8
897,TCGAGTTTACACTTTATGCTTCCGGCTCGTATAATGTGTGGAATTGaGAGCGaccAACAATg,5,7.04886137,8
898,TCGAGTTTACACTTTATGCTTCCGGCTCGTATAATGTGTGGAAgTGTGgGCGGATAACcAcg,5,7.508237629999999,8
899,TCGAGTTTACACTTTATGCTTCCGGCTCGTATAATGTGTGGAtTTGTGAGCGGAaAgCtAcT,5,7.235823700000001,8
900,TCGAGTTTACACTTTATGCTTCCGGCTCGTATAATGTGTGGAATTGTtAGCGGATggCAcTg,5,7.507386940000001,8
901,TCGAGTTTACACTTTATGCTTCCGGCTCGTATAATGTGTGGAAcgGTGAtCGGATAcCAATg,5,7.339471829999999,8
902,TCGAGTTTACACTTTATGCTTCCGGCTCGTATAATGTGTGGAAcgGTGAGgGaATAACAATa,5,7.44445833,8
903,TCGAGTTTACACTTTATGCTTCCGGCTCGTATAATGTGTGGAAaTGaGgGCGGATAACAtTc,5,7.604033030000001,8
904,TCGAGTTTACACTTTATGCTTCCGGCTCGTATAATGTGTGGAAccGgGAGCGGATctCAATT,5,7.05288589,8
905,TCGAGTTTACACTTTATGCTTCCGGCTCGTATAATGTGTGGAATTGTGAGCGGcTcAgtAgT,5,7.530428370000001,8
906,TCGAGTTTACACTTTATGCTTCCGGCTCGTATAATGTGTGGcATTGcGAGCGGATAgCcAaT,5,7.0698484100000005,8
907,TCGAGTTTACACTTTATGCTTCCGGCTCGTATAATGTGTGGAcgTcTGAGCGGATcACAATa,5,7.196862039999999,8
908,TCGAGTTTACACTTTATGCTTCCGGCTCGTATAATGTGTGGAgTTGTGAcCGGAgtACAcTT,5,7.52718585,8
909,TCGAGTTTACACTTTATGCTTCCGGCTCGTATAATGTGTGGAtaTGTGAGaGtATAACAATg,5,7.42950496,8
910,TCGAGTTTACACTTTATGCTTCCGGCTCGTATAATGTGTGGgATgGTGAGgGGATtACAAgT,5,7.73905353,8
911,TCGAGTTTACACTTTATGCTTCCGGCTCGTATAATGTGTGGAATTGgtAGCGGATAACcAac,5,7.5411356199999995,8
912,TCGAGTTTACACTTTATGCTTCCGGCTCGTATAATGTGTGGAATTGgGAaCGccTAACAATc,5,7.7729168799999995,8
913,TCGAGTTTACACTTTATGCTTCCGGCTCGTATAATGTGTGGAcagGTGAGCGGcTAACtATg,6,7.69311296,8
914,TCGAGTTTACACTTTATGCTTCCGGCTCGTATAATGTGTGGtgTgGTGAGCGGcTcACAAcT,6,7.8330883899999995,8
915,TCGAGTTTACACTTTATGCTTCCGGCTCGTATAATGTGTGGttTTGaGAGCGtATAACtAcT,6,7.72048384,8
916,TCGAGTTTACACTTTATGCTTCCGGCTCGTATAATGTGTGGgATTGgaAGCGtgTAACAAaT,6,7.2318054300000005,8
917,TCGAGTTTACACTTTATGCTTCCGGCTCGTATAATGTGTGGAcTaGTGAGgGGATAgCAtaT,6,7.36027542,8
918,TCGAGTTTACACTTTATGCTTCCGGCTCGTATAATGTGTGGtgTTGTGAGCGGccAcCtATT,6,7.81347205,8
919,TCGAGTTTACACTTTATGCTTCCGGCTCGTATAATGTGTGGAcTaGTGAcCGGATcAgAATa,6,7.02943033,8
920,TCGAGTTTACACTTTATGCTTCCGGCTCGTATAATGTGTGGgATTGTGtGCGGATtACAcgg,6,7.921986520000002,8
921,TCGAGTTTACACTTTATGCTTCCGGCTCGTATAATGTGTGGAgTgGgGAGCGGgTAtCAATa,6,7.71318381,8
922,TCGAGTTTACACTTTATGCTTCCGGCTCGTATAATGTGTGGAAgTGTGAagGGATAACcAaa,6,7.58449886,8
923,TCGAGTTTACACTTTATGCTTCCGGCTCGTATAATGTGTGGAATcGTGAcCGtATAAgAgTc,6,7.118512159999999,8
924,TCGAGTTTACACTTTATGCTTCCGGCTCGTATAATGTGTGGAAagGTGAGCGcATAACctTg,6,7.013392569999999,8
925,TCGAGTTTACACTTTATGCTTCCGGCTCGTATAATGTGTGGAAaTGTGtGCGaAccACAATg,6,7.063529310000001,8
926,TCGAGTTTACACTTTATGCTTCCGGCTCGTATAATGTGTGGAcTgGaGAGCGGATtACAcTc,6,7.8538708999999995,8
927,TCGAGTTTACACTTTATGCTTCCGGCTCGTATAATGTGTGGgcTTGTaAcCGGAccACAATT,6,7.48183568,8
928,TCGAGTTTACACTTTATGCTTCCGGCTCGTATAATGTGTGGgAaTGaGAcCGGATAACtATa,6,7.42147634,8
929,TCGAGTTTACACTTTATGCTTCCGGCTCGTATAATGTGTGGAAaTGTGtGCGaATctCAATg,6,7.71156703,8
930,TCGAGTTTACACTTTATGCTTCCGGCTCGTATAATGTGTGGgAcTGaGAGCGGATcAgtATT,6,7.80366448,8
931,TCGAGTTTACACTTTATGCTTCCGGCTCGTATAATGTGTGGAATTGTGAcCatATgACAtTc,6,7.609879210000002,8
932,TCGAGTTTACACTTTATGCTTCCGGCTCGTATAATGTGTGGttgTGTGAGCGGtTgACtATT,6,7.817246200000001,8
933,TCGAGTTTACACTTTATGCTTCCGGCTCGTATAATGTGTGGAAaTGTGAGCGacTAACtAca,6,7.393236810000001,8
934,TCGAGTTTACACTTTATGCTTCCGGCTCGTATAATGTGTGGtAcTGgGAGCGaAcAACAAcT,6,7.4207757800000005,8
935,TCGAGTTTACACTTTATGCTTCCGGCTCGTATAATGTGTGGcATTGTGAGCGGATAACAATT,1,-0.11565034,x
936,TCGAGTTTACACTTTATGCTTCCGGCTCGTATAATGTGTGGAcTTGTGAGCGGATAACAATT,1,0.53378016,x
937,TCGAGTTTACACTTTATGCTTCCGGCTCGTATAATGTGTGGAAaTGTGAGCGGATAACAATT,1,0.41652044,x
938,TCGAGTTTACACTTTATGCTTCCGGCTCGTATAATGTGTGGAATaGTGAGCGGATAACAATT,1,2.21329366,x
939,TCGAGTTTACACTTTATGCTTCCGGCTCGTATAATGTGTGGAATTaTGAGCGGATAACAATT,1,5.21270115,x
940,TCGAGTTTACACTTTATGCTTCCGGCTCGTATAATGTGTGGAATTGaGAGCGGATAACAATT,1,2.8583981,x
941,TCGAGTTTACACTTTATGCTTCCGGCTCGTATAATGTGTGGAATTGTaAGCGGATAACAATT,1,4.14066115,x
942,TCGAGTTTACACTTTATGCTTCCGGCTCGTATAATGTGTGGAATTGTGcGCGGATAACAATT,1,5.68547881,x
943,TCGAGTTTACACTTTATGCTTCCGGCTCGTATAATGTGTGGAATTGTGAaCGGATAACAATT,1,2.21445893,x
944,TCGAGTTTACACTTTATGCTTCCGGCTCGTATAATGTGTGGAATTGTGAGaGGATAACAATT,1,6.99874161,x
945,TCGAGTTTACACTTTATGCTTCCGGCTCGTATAATGTGTGGAATTGTGAGCaGATAACAATT,1,4.70898526,x
946,TCGAGTTTACACTTTATGCTTCCGGCTCGTATAATGTGTGGAATTGTGAGCGaATAACAATT,1,1.20163217,x
947,TCGAGTTTACACTTTATGCTTCCGGCTCGTATAATGTGTGGAATTGTGAGCGGcTAACAATT,1,2.43904117,x
948,TCGAGTTTACACTTTATGCTTCCGGCTCGTATAATGTGTGGAATTGTGAGCGGAaAACAATT,1,2.79718368,x
949,TCGAGTTTACACTTTATGCTTCCGGCTCGTATAATGTGTGGAATTGTGAGCGGATcACAATT,1,0.04645819,x
950,TCGAGTTTACACTTTATGCTTCCGGCTCGTATAATGTGTGGAATTGTGAGCGGATAcCAATT,1,0.51054859,x
951,TCGAGTTTACACTTTATGCTTCCGGCTCGTATAATGTGTGGAATTGTGAGCGGATAAaAATT,1,1.88373498,x
952,TCGAGTTTACACTTTATGCTTCCGGCTCGTATAATGTGTGGAATTGTGAGCGGATAACcATT,1,1.96511698,x
953,TCGAGTTTACACTTTATGCTTCCGGCTCGTATAATGTGTGGAATTGTGAGCGGATAACAcTT,1,1.16889263,x
954,TCGAGTTTACACTTTATGCTTCCGGCTCGTATAATGTGTGGAATTGTGAGCGGATAACAAaT,1,0.08670195,x
955,TCGAGTTTACACTTTATGCTTCCGGCTCGTATAATGTGTGGAATTGTGAGCGGATAACAATa,1,0.35924949,x
956,TCGAGTTTACACTTTATGCTTCCGGCTCGTATAATGTGTGGgATTGTGAGCGGATAACAATT,1,0.04503661,x
957,TCGAGTTTACACTTTATGCTTCCGGCTCGTATAATGTGTGGAgTTGTGAGCGGATAACAATT,1,0.36068705,x
958,TCGAGTTTACACTTTATGCTTCCGGCTCGTATAATGTGTGGAAcTGTGAGCGGATAACAATT,1,0.55468241,x
959,TCGAGTTTACACTTTATGCTTCCGGCTCGTATAATGTGTGGAATcGTGAGCGGATAACAATT,1,2.39853922,x
960,TCGAGTTTACACTTTATGCTTCCGGCTCGTATAATGTGTGGAATTcTGAGCGGATAACAATT,1,5.89968782,x
961,TCGAGTTTACACTTTATGCTTCCGGCTCGTATAATGTGTGGAATTGcGAGCGGATAACAATT,1,3.79448102,x
962,TCGAGTTTACACTTTATGCTTCCGGCTCGTATAATGTGTGGAATTGTcAGCGGATAACAATT,1,3.69160751,x
963,TCGAGTTTACACTTTATGCTTCCGGCTCGTATAATGTGTGGAATTGTGgGCGGATAACAATT,1,4.79719071,x
964,TCGAGTTTACACTTTATGCTTCCGGCTCGTATAATGTGTGGAATTGTGAcCGGATAACAATT,1,1.65991568,x
965,TCGAGTTTACACTTTATGCTTCCGGCTCGTATAATGTGTGGAATTGTGAGgGGATAACAATT,1,2.60128513,x
966,TCGAGTTTACACTTTATGCTTCCGGCTCGTATAATGTGTGGAATTGTGAGCcGATAACAATT,1,4.6292406,x
967,TCGAGTTTACACTTTATGCTTCCGGCTCGTATAATGTGTGGAATTGTGAGCGcATAACAATT,1,1.82432426,x
968,TCGAGTTTACACTTTATGCTTCCGGCTCGTATAATGTGTGGAATTGTGAGCGGgTAACAATT,1,0.21243207,x
969,TCGAGTTTACACTTTATGCTTCCGGCTCGTATAATGTGTGGAATTGTGAGCGGAcAACAATT,1,1.05598389,x
970,TCGAGTTTACACTTTATGCTTCCGGCTCGTATAATGTGTGGAATTGTGAGCGGATgACAATT,1,1.3112653,x
971,TCGAGTTTACACTTTATGCTTCCGGCTCGTATAATGTGTGGAATTGTGAGCGGATAgCAATT,1,1.3391988,x
972,TCGAGTTTACACTTTATGCTTCCGGCTCGTATAATGTGTGGAATTGTGAGCGGATAAgAATT,1,2.21673315,x
973,TCGAGTTTACACTTTATGCTTCCGGCTCGTATAATGTGTGGAATTGTGAGCGGATAACgATT,1,2.87478414,x
974,TCGAGTTTACACTTTATGCTTCCGGCTCGTATAATGTGTGGAATTGTGAGCGGATAACAgTT,1,1.49962686,x
975,TCGAGTTTACACTTTATGCTTCCGGCTCGTATAATGTGTGGAATTGTGAGCGGATAACAAcT,1,0.89443752,x
976,TCGAGTTTACACTTTATGCTTCCGGCTCGTATAATGTGTGGAATTGTGAGCGGATAACAATc,1,-1.05409194,x
977,TCGAGTTTACACTTTATGCTTCCGGCTCGTATAATGTGTGGtATTGTGAGCGGATAACAATT,1,1.36485533,x
978,TCGAGTTTACACTTTATGCTTCCGGCTCGTATAATGTGTGGAtTTGTGAGCGGATAACAATT,1,0.12264768,x
979,TCGAGTTTACACTTTATGCTTCCGGCTCGTATAATGTGTGGAAgTGTGAGCGGATAACAATT,1,0.35768638,x
980,TCGAGTTTACACTTTATGCTTCCGGCTCGTATAATGTGTGGAATgGTGAGCGGATAACAATT,1,2.72760913,x
981,TCGAGTTTACACTTTATGCTTCCGGCTCGTATAATGTGTGGAATTtTGAGCGGATAACAATT,1,5.92994536,x
982,TCGAGTTTACACTTTATGCTTCCGGCTCGTATAATGTGTGGAATTGgGAGCGGATAACAATT,1,2.34918446,x
983,TCGAGTTTACACTTTATGCTTCCGGCTCGTATAATGTGTGGAATTGTtAGCGGATAACAATT,1,4.19422417,x
984,TCGAGTTTACACTTTATGCTTCCGGCTCGTATAATGTGTGGAATTGTGtGCGGATAACAATT,1,4.84912858,x
985,TCGAGTTTACACTTTATGCTTCCGGCTCGTATAATGTGTGGAATTGTGAtCGGATAACAATT,1,4.05282566,x
986,TCGAGTTTACACTTTATGCTTCCGGCTCGTATAATGTGTGGAATTGTGAGtGGATAACAATT,1,5.12108465,x
987,TCGAGTTTACACTTTATGCTTCCGGCTCGTATAATGTGTGGAATTGTGAGCtGATAACAATT,1,6.07312348,x
988,TCGAGTTTACACTTTATGCTTCCGGCTCGTATAATGTGTGGAATTGTGAGCGtATAACAATT,1,0.39778919,x
989,TCGAGTTTACACTTTATGCTTCCGGCTCGTATAATGTGTGGAATTGTGAGCGGtTAACAATT,1,2.57843549,x
990,TCGAGTTTACACTTTATGCTTCCGGCTCGTATAATGTGTGGAATTGTGAGCGGAgAACAATT,1,2.71840767,x
991,TCGAGTTTACACTTTATGCTTCCGGCTCGTATAATGTGTGGAATTGTGAGCGGATtACAATT,1,1.61928282,x
992,TCGAGTTTACACTTTATGCTTCCGGCTCGTATAATGTGTGGAATTGTGAGCGGATAtCAATT,1,1.70402161,x
993,TCGAGTTTACACTTTATGCTTCCGGCTCGTATAATGTGTGGAATTGTGAGCGGATAAtAATT,1,2.18377374,x
994,TCGAGTTTACACTTTATGCTTCCGGCTCGTATAATGTGTGGAATTGTGAGCGGATAACtATT,1,2.08235602,x
995,TCGAGTTTACACTTTATGCTTCCGGCTCGTATAATGTGTGGAATTGTGAGCGGATAACAtTT,1,0.58601572,x
996,TCGAGTTTACACTTTATGCTTCCGGCTCGTATAATGTGTGGAATTGTGAGCGGATAACAAgT,1,0.74583984,x
997,TCGAGTTTACACTTTATGCTTCCGGCTCGTATAATGTGTGGAATTGTGAGCGGATAACAATg,1,-0.50619396,x
998,TCGAGTTTACACTTTATGCTTCCGGCTCGTATAATGTGTGGAATTGTGAGCGGATAACAATT,0,0.0,x
999,TCGAGTTTACACTTTATGCTTCCGGCTCGTATAATGTGTGGAAATGTGAGCGAGTAACAACC,0,1.4,x
1000,TCGAGTTTACACTTTATGCTTCCGGCTCGTATAATGTGTGGGGCAGTGAGCGCAACGCAATT,0,5.6,x
