,seq,mutations,energy,bin,description
0,TCGAGTTTACACTTcATGCTTCCGGCTgGTATAATGTGTGG,2,-7.997183817579095,0,lacUV5 mutants
1,TCaAGTTTACACTTTATGCTTCCGGCTgGTATAATGTGTGG,2,-8.076770588240535,0,lacUV5 mutants
2,TCGAGTTTACACTTTATGCTTCCGGCTgtTATAATGTGTGG,2,-8.021960954059745,0,lacUV5 mutants
3,TCGAGTTTACACTTTATGCTTCCGGCTgcTATAATGTGTGG,2,-7.926733934285735,0,lacUV5 mutants
4,TCGAGTTgACACTTTATGCTTCtGGCTCGTATAATGTGTGG,2,-7.9940498043422314,0,lacUV5 mutants
5,TCGAGTTTACACTTTATGCTTCCGGCTgGTATAATGTGTcG,2,-8.081927493607768,0,lacUV5 mutants
6,TCGAGTTgACACTTTATGCTTCCGGCTCGTATAATGTGgGG,2,-7.908237250104943,0,lacUV5 mutants
7,TCGAGTTTACACTTTATGCTTCCGGagCGTATAATGTGTGG,2,-7.802048793042797,0,lacUV5 mutants
8,TCGAGTTTACACTTTgTGCTTCCGGCTgGTATAATGTGTGG,2,-7.989884856602118,0,lacUV5 mutants
9,TCGAGTTTACACTTTATaCTTCCGGaTCGTATAATGTGTGG,2,-7.7703151489749995,0,lacUV5 mutants
10,TCGAGTTgAtACTTTATGCTTCCGGCTCGTATAATGTGTGG,2,-8.038741790217937,0,lacUV5 mutants
11,TCGAGTTTACACTTTATGCTTCCGGgTtGTATAATGTGTGG,2,-7.7737578749637,0,lacUV5 mutants
12,TCGAGTTTACACTTTATGCTgCCGGCTgGTATAATGTGTGG,2,-8.106568325669913,0,lacUV5 mutants
13,TCGAGTTTACACcTTATGCTTCCGGCTgGTATAATGTGTGG,2,-8.007296119313981,0,lacUV5 mutants
14,TCGAGTTTACACTTTATGCTTgCGGCTgGTATAATGTGTGG,2,-8.128952564229238,0,lacUV5 mutants
15,TtGAGTTgACACTTTATGCTTCCGGCTCGTATAATGTGTGG,2,-7.964680657449576,0,lacUV5 mutants
16,TCGAGTTTACACTTTATGCTTCCGGtTgGTATAATGTGTGG,2,-7.951289075528672,0,lacUV5 mutants
17,TCGAGTTgACACTTTATGCTTaCGGCTCGTATAATGTGTGG,2,-8.089553496432625,0,lacUV5 mutants
18,TCGAGTTTgCACTTTATGCTTCCGGCTgGTATAATGTGTGG,2,-7.9558852619693505,0,lacUV5 mutants
19,TCGAGTTTACACTTTATGCTaCCGGCTgGTATAATGTGTGG,2,-8.101163077082344,0,lacUV5 mutants
20,TgGAGTTgACACTTTATGCTTCCGGCTCGTATAATGTGTGG,2,-8.160338269370481,0,lacUV5 mutants
21,TCGAGTTTACACTTTATGCTTCCGGCTgGTATAcTGTGTGG,2,-7.82927783259082,0,lacUV5 mutants
22,TCGAGTTTACACTTTATGCTTCCGtCTaGTATAATGTGTcG,3,-7.860423694172739,0,lacUV5 mutants
23,TCGAGTTgACACTTTATGCTTCCGGgcCGTATAATGTGTGG,3,-8.151733552929803,0,lacUV5 mutants
24,TCGAGTTgACACTTTATGCTTCCGGCTCGTATAATGTGcGa,3,-7.859869083438276,0,lacUV5 mutants
25,TaGAGTTTACACTTTATGCTTCCtGCTtGTATAATGTGTGG,3,-7.833687042138841,0,lacUV5 mutants
26,TCGAGTTTACAaTTTATGCTTCCGGCTgGTAcAATGTGTGG,3,-7.896871942760311,0,lacUV5 mutants
27,TCGAGTTTACACTTTATGCTTCCGtCTtGTATAATGTGTGc,3,-7.90652469134788,0,lacUV5 mutants
28,TCGAGTTTACACTTTATGCTTCaGGCTgGTATAATGTGaGG,3,-8.137751083438278,0,lacUV5 mutants
29,aCGAGTTgACACTTTATcCTTCCGGCTCGTATAATGTGTGG,3,-7.896901683438277,0,lacUV5 mutants
30,TCGAaTTTACACTTTATGCTTCCGcCTgGTATAATGTGTGG,3,-7.777448821291384,0,lacUV5 mutants
31,TCGAGTTTACACTTTATGtTTCCGGCTgGTATAATGTGcGG,3,-7.810062888438276,0,lacUV5 mutants
32,TCGAGTTTACACgTTATGCTTCCaGCTaGTATAATGTGTGG,3,-7.752815274681213,0,lacUV5 mutants
33,TCGAGTTTACACTTTATGgTTCCGGaTaGTATAATGTGTGG,3,-7.97931749917274,0,lacUV5 mutants
34,TCGAGTTTACAaTTTATGCTTaCGGCTCGTATAATGTGTaG,3,-7.78233776196935,0,lacUV5 mutants
35,TCGAGTTgACACTTTATGCTTCCGGCTCGTATAATtTtTGG,3,-7.813464572703813,0,lacUV5 mutants
36,TCGAGTTTACACgTTATGCaTCCGGCTgGTATAATGTGTGG,3,-8.159873133316808,0,lacUV5 mutants
37,TCGAGTTTACACTTTATGCTTCCGGCTgaTATAATGTcTGG,3,-7.852918906037147,0,lacUV5 mutants
38,TCGAGTTTACACTTcATGtTTCCGGCTgGTATAATGTGTGG,3,-7.819072109867231,0,lacUV5 mutants
39,TCGAGTTTACACTTTATaCTTaCGtCTCGTATAATGTGTGG,3,-7.823349753494774,0,lacUV5 mutants
40,TCGAGTTTACACTTTATGCTTCCGGaTaGTATAATaTGTGG,3,-8.248951914511723,0,lacUV5 mutants
41,TCGAGTTgACACTcTATGCTTCCaGCTCGTATAATGTGTGG,3,-8.075711558579519,0,lacUV5 mutants
42,TgGAGTTgACACTTTATGtTTCCGGCTCGTATAATGTGTGG,3,-7.982226561658616,0,lacUV5 mutants
43,TCGAGTTTACtCTTTATGCTaCCGGCTgGTATAATGTGTGG,3,-7.763514997986298,0,lacUV5 mutants
44,TCcAGTTggCACTTTATGCTTCCGGCTCGTATAATGTGTtG,4,-7.797284339652966,0,lacUV5 mutants
45,TCGAGTTgAaACTTTATGCTTCCGaCTgGTATAATGTGTGG,4,-7.786402581178389,0,lacUV5 mutants
46,TCGAGTTTACACaTTATGaTTtCGGCTgGTATAATGTGTGG,4,-8.092878612167087,0,lacUV5 mutants
47,TCcAGTTgACACTTTATGCTTCCGGCTCGTATAATGgaTGG,4,-7.954848232606355,0,lacUV5 mutants
48,TCGAGTTTACAaTTTATGagTCCGGCTgGTATAATGTGTGG,4,-8.242216359220764,0,lacUV5 mutants
49,TCGAGTTgACACTaTtTGCTTCCGGCTCGTATAATGTcTGG,4,-7.7980389102744345,0,lacUV5 mutants
50,TgGAGTTggCACTTTATGCTcCCGGCTCGTATAATGTGTGG,4,-7.898700035048447,0,lacUV5 mutants
51,TCaAGTTTACACTTTAgGCTTCgGGCTgGTATAATGTGTGG,4,-8.025435083438275,0,lacUV5 mutants
52,TCGAGTTgACACaTTATGCTaCCcGCTCGTATAATGTGTGG,4,-7.890396996573869,0,lacUV5 mutants
53,TCGAGTTgACACTcTATGCTTCCGGCTaGaATAATGTGTGG,4,-7.796902544455226,0,lacUV5 mutants
54,TgGAGTTgACACTTggTGCTTCCGGCTCGTATAATGTGTGG,4,-7.924428002946327,0,lacUV5 mutants
55,TCGAaTTgACACTTTATaCTTCtGGCTCGTATAATGTGTGG,4,-7.919548377788559,0,lacUV5 mutants
56,TgGAGTTgACACcTTATGCTTCgGGCTCGTATAATGTGTGG,4,-8.095016404398727,0,lacUV5 mutants
57,TCGAGTTTACAaTTTATGCTTCCGGCTtGTATAATGTGTac,4,-8.169571273268785,0,lacUV5 mutants
58,TCGAGTagACACTTTATGCTTCtGGCTaGTATAATGTGTGG,4,-8.098298872138841,0,lacUV5 mutants
59,TCGAGTTTACACTTTATGgcTCCGGCTgGTATAATGTGgGG,4,-7.970269893966526,0,lacUV5 mutants
60,TaGAGTTTACACTTgATGCTTCCGGCTgGTATAATtTGTGG,4,-8.042300633963276,0,lacUV5 mutants
61,TCGAGTTgACACTTTgTGCTTCCGtCTCcTATAATGTGTGG,4,-7.971897031743361,0,lacUV5 mutants
62,TCGAGTTgACACTTTATGCcTaCGGCTCGTATAATGTGaGG,4,-7.964922807893079,0,lacUV5 mutants
63,TCGAGTTgACACTTTcTGCTTCCGGgTCGTATAATGTGTGt,4,-8.086855640472175,0,lacUV5 mutants
64,TCaAGTTTACACaTTATGCTTCCGGgTaGTATAATGTGTGG,4,-7.765473985133191,0,lacUV5 mutants
65,gCGAGTTgACACTTTgTGCTTCaGGCTCGTATAATGTGTGG,4,-7.88192869417274,0,lacUV5 mutants
66,TCGAGTTTACAgTTTATGCaTCCGGCgaGTATAATGTcTGG,5,-7.844017459587994,0,lacUV5 mutants
67,TaGAGTTTACACgTaATaCTTCCGGgTCGTATAATGTGTGG,5,-7.803941440460451,0,lacUV5 mutants
68,TCGAGTTgACACTTTATGCTTCCGaCTaGTATAATGcGTcG,5,-8.05778007552867,0,lacUV5 mutants
69,TCaAGTTaACACTTTATGCTTaCGGaTgGTATAATGTGTGG,5,-7.834355136263134,0,lacUV5 mutants
70,TCGAGTTTACACTTTcTGCTTCCGcaTaGTATAATGTGTGa,5,-7.823900653212286,0,lacUV5 mutants
71,TCGAGcTTACACTTTATGCTTCCGGgTgGTATAATGTtTaG,5,-7.87720896535918,0,lacUV5 mutants
72,TCGAGTagACAgTTTATGCTTCCGGCTCGTATAATGTaTGa,5,-7.77783549249336,0,lacUV5 mutants
73,TCGAGTgTACACTgTATGCTTCCGGCTgGTATAATGTagGG,5,-7.918354400120479,0,lacUV5 mutants
74,TaGAGTTgACACTTTATGCTTCCcGCgCGTATAcTGTGTGG,5,-8.150062740782909,0,lacUV5 mutants
75,TCGAGTTTACACTTTATGgTcCCaGCTgGTATAATGcGTGG,5,-7.7776308467716095,0,lacUV5 mutants
76,TCGAGTTTACAgTTTATGCTTCCaGCTaGTATAATaTGaGG,5,-7.926504550952401,0,lacUV5 mutants
77,TCGAGTTTACACTgTATGCTTCCtagTCGTATAATGTGTaG,5,-7.977426591573869,0,lacUV5 mutants
78,TtGAGTTTAtACTTTATGCTTCCGGCTaGTATAATaTGcGG,5,-7.757087607449575,0,lacUV5 mutants
79,TgGAGTTTACACTTTATGCTTtCtGCTCGTATAATGTGaaG,5,-7.775371359709462,0,lacUV5 mutants
80,TCGAcTTTACACTTTATGCTTCCaGaTCGTATAATaTGTGt,5,-7.7737178890597445,0,lacUV5 mutants
81,TCGAGTTgACACTTTATGaTTCCtGCTCGTATAATtTGTGc,5,-7.917450756743361,0,lacUV5 mutants
82,TgGtGTTgACAgTTTATGCTTaCGGCTCGTATAATGTGTGG,5,-8.234142120500424,0,lacUV5 mutants
83,gCGAaTTTACACTTTATGCTTCCGGCTgGTATAATtTGTaG,5,-8.015891971008896,0,lacUV5 mutants
84,TtGAGTTTACACTTTATGCTTCCGGCTtGTATAATaTaTGt,5,-8.028951962804097,0,lacUV5 mutants
85,TCcAGTTTACACTaTATGaTaCCGGCTgGTATAATGTGTGG,5,-8.137118358071046,0,lacUV5 mutants
86,TCGgGTTTACAaTTTATGCTTCCGGgTtGTATAATGTGTGa,5,-8.083812885133192,0,lacUV5 mutants
87,TCGAGTgTACAgTTTATGCTTCCGGaTgGTATAATGTGcGG,5,-8.030371841912851,0,lacUV5 mutants
88,TCGAGTTTACAaTTTATGCTTCCtGCggaTAcAATGTGTGG,6,-8.127683066150142,0,lacUV5 mutants
89,TCGAGTTgACAtTTTATcgTTCCGGCcCGTATAATGTGgGG,6,-7.832078467534323,0,lacUV5 mutants
90,TCGAGTTTACtCacTATGCTTCCcGCTgGTATAATGTGTaG,6,-8.180190390500423,0,lacUV5 mutants
91,TtGAcTTgACACTTTATGtTTaaGGCTCGTATAATGTGTGG,6,-7.786453550020197,0,lacUV5 mutants
92,TCGAGTTgACgCTTTATGCcTCCcGgTaGTATAATGTGTGG,6,-8.050305004785733,0,lacUV5 mutants
93,TCGAGTTTACACTTTATGCTTCtctCTaGTATAATGTcTGc,6,-7.995549968184037,0,lacUV5 mutants
94,TCGAGTTTACACTgaATaCTTCCaGCgCGTATAATGTGTtG,6,-7.872162946110169,0,lacUV5 mutants
95,TCGAaTTgACACTTTATGCTTCCaGCTaGTATAATGTGgGc,6,-8.241101639935453,0,lacUV5 mutants
96,TCGAGTaTACACTTTATGCTTCCGGCTgGTATAATagcTGc,6,-7.854549140500421,0,lacUV5 mutants
97,TCGAGTTTACACTgTATtCTTCCGGaTaGTATAATGTacGG,6,-7.883810333736299,0,lacUV5 mutants
98,TaGAcTTgACAaTTTtTGCcTCCGGCTCGTATAATGTGTGG,6,-7.850288006198164,0,lacUV5 mutants
99,TtGAGTTTACAtTgTATGCTTaaGGCTtGTATAATGTGTGG,6,-7.981392551517374,0,lacUV5 mutants
100,TCtAGTTTACAtTTTATGCTTCCGaCTgGTAaAATGTGcGG,6,-8.03726456184983,0,lacUV5 mutants
101,TgGAGTTTACACTTTATGCTTCtGGaTgGgATAATGTGTaG,6,-7.864621032082345,0,lacUV5 mutants
102,TCGAGTTgACtCTcTgTGCTTCCGGaTCGTATAATGTGaGG,6,-7.928149899822458,0,lacUV5 mutants
103,TCGAGTTTACAgcTTATataTCCGGCTgGTATAATGTGTGG,6,-8.115875606395905,0,lacUV5 mutants
104,TCGAGTTTACACTTTATGCTTCCGcCggtTATAcTGgGTGG,6,-7.954940134850706,0,lacUV5 mutants
105,TCGAGTTgACAaTTTATcCcTCCGaCTCGTATAATGgGTGG,6,-7.827325654503248,0,lacUV5 mutants
106,TCGAGTTgAtACaTTATGCTTCgGtCTCGTATAcTGTGTGG,6,-8.165026052364832,0,lacUV5 mutants
107,TCGAGTTTACAgTTTATaCTaCCGGaTCGTATAATGTaaGG,6,-7.929859123425564,0,lacUV5 mutants
108,TCGgGTTTACAaTTTtTGCTaCCGGCTgGTATAATGTcTGG,6,-8.098117540641665,0,lacUV5 mutants
109,TCGAGTTTACACTTTAaGCTaCCtGaTtGTATAATGTGTcG,6,-7.82978250555692,0,lacUV5 mutants
110,TCtAGTTTACACTTTATGCTTCCGGCgCGTATAATGTGTGG,2,-7.428643408460001,1,lacUV5 mutants
111,TCGAGTTTACAaTTTATGCTTCCGGCTCGTATAATGTaTGG,2,-7.398831033453813,1,lacUV5 mutants
112,TCGAGTTTACACcTTATGCTTCCGGCTaGTATAATGTGTGG,2,-7.4087584921953376,1,lacUV5 mutants
113,TCGAGTTTACACTTTATGCgTCCGtCTCGTATAATGTGTGG,2,-7.2893994115653955,1,lacUV5 mutants
114,TCGAGTTTACgCTTTATGCTTCCGGCTgGTATAATGTGTGG,2,-7.521321632025846,1,lacUV5 mutants
115,cCGAGTTTACACTTTATaCTTCCGGCTCGTATAATGTGTGG,2,-7.257723247845056,1,lacUV5 mutants
116,TgGAGTTTACACTTTATGCTTCtGGCTCGTATAATGTGTGG,2,-7.267738037732063,1,lacUV5 mutants
117,TCGAGTTTACACTTTATGCTTCCGGCgCGTATAATGTGTGt,2,-7.451365979455226,1,lacUV5 mutants
118,TCGAGTTTACACTTTATGCTTCCGGCgCGTATAATGTaTGG,2,-7.486115736843645,1,lacUV5 mutants
119,TCGAGTTTACACTTTATGCTTCCGtCTCGTATAATGTGTGt,2,-7.492607589624717,1,lacUV5 mutants
120,TCGAGTTTACACTTTATGCTTCCGcCTtGTATAATGTGTGG,2,-7.504561519031498,1,lacUV5 mutants
121,TgGAGTTTACACTTTATGCTTCCGGCaCGTATAATGTGTGG,2,-7.285111588579521,1,lacUV5 mutants
122,TCGAGTTTACACTTTATGCTTCCttCTCGTATAATGTGTGG,2,-7.535321823212288,1,lacUV5 mutants
123,TCGAGTTTACACcTTATGCTTCCGGCTtGTATAATGTGTGG,2,-7.355848817054095,1,lacUV5 mutants
124,TCGAGTTTACACTTTATGCTTCCGtCcCGTATAATGTGTGG,2,-7.286820798692514,1,lacUV5 mutants
125,TgGAGTTTACAgTTTATGCTTCCGGCTCGTATAATGTGTGG,2,-7.266072916263135,1,lacUV5 mutants
126,TCGAGTTTACACTTTATGCTTCCctCTCGTATAATGTGTGG,2,-7.356935756319632,1,lacUV5 mutants
127,TCGAcTTTACACTTTATGCTTCCGGaTCGTATAATGTGTGG,2,-7.286384301517373,1,lacUV5 mutants
128,TCGAGTTTACACTTTATGaTTCCGGCgCGTATAATGTGTGG,2,-7.270696235048446,1,lacUV5 mutants
129,TCGAGTTTACACTTTATGCTTCCGGCTaGTATAATGgGTGG,2,-7.405026900387429,1,lacUV5 mutants
130,TaGAGTTTACACgTTATGCTTCCGGCTCGTATAATGTGTGG,2,-7.2801236687490105,1,lacUV5 mutants
131,TCGAGTTTACACTTaATGCTTCCGGCTaGTATAATGTGTGG,2,-7.457125872663841,1,lacUV5 mutants
132,TCGAGTTTACACTTTATGCTTCCGtCTtGTAaAATGTGTGG,3,-7.665686858014547,1,lacUV5 mutants
133,TCGAGTTTACAgTTTATGCTTCCGcCgCGTATAATGTGTGG,3,-7.406334838240538,1,lacUV5 mutants
134,TgGAGTTTACACTTTAgGCTTCCGGCgCGTATAATGTGTGG,3,-7.439562082929802,1,lacUV5 mutants
135,gCGAGTTTACACTTTATaCTTaCGGCTCGTATAATGTGTGG,3,-7.500003341065395,1,lacUV5 mutants
136,TCGAGTTgACACTTTcTGCTTCCcGCTCGTATAATGTGTGG,3,-7.6565333693139825,1,lacUV5 mutants
137,TCGAGTTTACACTcTATGCTTCCGGtTtGTATAATGTGTGG,3,-7.315117841065396,1,lacUV5 mutants
138,TCGAGTTgACACTTTAacCTTCCGGCTCGTATAATGTGTGG,3,-7.609110657449576,1,lacUV5 mutants
139,TCGAGTTTACACTTgATGCTTCCGGaTCGTATAATGTtTGG,3,-7.426489951759887,1,lacUV5 mutants
140,TCGAGTTTgCACTTTATGCTaCCGGaTCGTATAATGTGTGG,3,-7.2621954358394065,1,lacUV5 mutants
141,cCGAGTTTgCACTTTATGCTTCCGGCTtGTATAATGTGTGG,3,-7.266044886263137,1,lacUV5 mutants
142,TCaAGTTTACACTTTATGCTTCCGGCTaGTATAATGTGTGc,3,-7.528616387675563,1,lacUV5 mutants
143,TCGAGTTTACACTTTAaGCTTCtGGCTtGTATAATGTGTGG,3,-7.322068250669915,1,lacUV5 mutants
144,TCGAGTTTACACTTaATGCTTCCGtCTCGTATAATGTGTtG,3,-7.342581480008474,1,lacUV5 mutants
145,cCGAGTTTACACTTTATGCTTCCGtCTCGTATAATGTGgGG,3,-7.299581860274435,1,lacUV5 mutants
146,TCGAGTTTACACTTTATGCTTtCGGCTCGTATAATaTtTGG,3,-7.3171544992574855,1,lacUV5 mutants
147,gCGAGTTTACACTTTATaCTTCCaGCTCGTATAATGTGTGG,3,-7.4708853354156775,1,lacUV5 mutants
148,TCGAGTTTAtACTTTATGCTTCCGGaTCGTATAATtTGTGG,3,-7.3842813947377115,1,lacUV5 mutants
149,TCGAGTTTACACcTTATGCTTaCGGCTCGTATAATaTGTGG,3,-7.261734706884603,1,lacUV5 mutants
150,TCGAGTTTACACTTTATGCTTaCGaCTCGTATAATaTGTGG,3,-7.372225685698163,1,lacUV5 mutants
151,TCGAGTTTACACTTaATGCTTCCaGCTaGTATAATGTGTGG,3,-7.578207471533897,1,lacUV5 mutants
152,TCcAGTTTAtAaTTTATGCTTCCGGCTCGTATAATGTGTGG,3,-7.324171941347882,1,lacUV5 mutants
153,TCGcGTTTACACTTTATGCTTCCGGCTgaTATAATGTGTGG,3,-7.725617624398729,1,lacUV5 mutants
154,TCaAGTTTACACTTTATGCTatCGGCgCGTATAATGTGTGG,4,-7.271561168890253,1,lacUV5 mutants
155,TgaAGTTTACAaTTTATGCTTCCGGCTCGTATAATGTaTGG,4,-7.5660312597814965,1,lacUV5 mutants
156,TtGAGTTTACACTTTATGCTTCCGGCTaGTATAATGgcTGG,4,-7.423929174398729,1,lacUV5 mutants
157,TCGAGTTTAtAtTTTATGCTTCCtGCTCGTATAATGTtTGG,4,-7.464668224342232,1,lacUV5 mutants
158,TCGAGTTTACACTaTATaCTctCGGCTCGTATAATGTGTGG,4,-7.34492481154562,1,lacUV5 mutants
159,TCGAGTTTgCACgTTATGCTTCCtGaTCGTATAATGTGTGG,4,-7.55753390937048,1,lacUV5 mutants
160,TCGAGTTTACACTTTATGCTTCtGGCcCGTATAATaTtTGG,4,-7.262692617901555,1,lacUV5 mutants
161,TCGAGgTTACACTTTATGCTTCCGGCTgGTAaAATGTGTaG,4,-7.658106293042796,1,lacUV5 mutants
162,TCcAGTTTACACgaTATGCTTCCGtCTCGTATAATGTGTGG,4,-7.561917150387429,1,lacUV5 mutants
163,TCGAGTTTgCAtTgTATGCTTCCtGCTCGTATAATGTGTGG,4,-7.280819992703813,1,lacUV5 mutants
164,TCGAGTTgACACTTTtTGCTTCCGGCTCGTATAATGTGgGa,4,-7.727351864511722,1,lacUV5 mutants
165,TCGAGTTTACACTTTATaCTTtgGGCTCGTATAATaTGTGG,4,-7.6236760679015525,1,lacUV5 mutants
166,TgGAaTTTACACTTTATGCTTCCGGCTaGTATAATGTGTcG,4,-7.325814243946751,1,lacUV5 mutants
167,cCGAGTTTACACTTTATGCTTCCGGCTtGTATAATtTGTaG,4,-7.650924180048447,1,lacUV5 mutants
168,TCGAGTTTACACTTaATaCTTCCGGCTCGTATAATGaaTGG,4,-7.351634353187853,1,lacUV5 mutants
169,TaGAGTTTACACTaTATGtTTCCGGCTaGTATAATGTGTGG,4,-7.651144992110593,1,lacUV5 mutants
170,TCGAGTcTACACTTatTGCTTCCGGCTgGTATAATGTGTGG,4,-7.251014290742937,1,lacUV5 mutants
171,TCGAGTTTACACTTTtTGCTaCaGGCTaGTATAATGTGTGG,4,-7.288401999398728,1,lacUV5 mutants
172,TgGAGTTTACACTTTATGgTTCCtGCaCGTATAATGTGTGG,4,-7.4244433955004245,1,lacUV5 mutants
173,TgGAGTTTACAaTTTATGgTTCCGGCTCGTATAATGTGgGG,4,-7.403534556856355,1,lacUV5 mutants
174,TCGAGTTTACACaTTATGCTTCtGGCTtGTATAATGgGTGG,4,-7.399403723833758,1,lacUV5 mutants
175,TCGcGTTTACACTgTATGCTTCgGGCTtGTATAATGTGTGG,4,-7.5490013229862996,1,lacUV5 mutants
176,TCGAGgTgACtCTTTATGCTTCCGGCTCGTATAATaTGTaG,5,-7.562447747845057,1,lacUV5 mutants
177,TCcAGTTTACAggTTATGCaTCCGGCTCGTATAATaTGTGG,5,-7.301361688401553,1,lacUV5 mutants
178,TaGAGTTTACACTTaATGCTTCtGGCTCGTAaAATGTGTaG,5,-7.361330266731639,1,lacUV5 mutants
179,TCGAGTTTACACTagATGCTTtCGGaTCGTATAATGTGgGG,5,-7.475676797240112,1,lacUV5 mutants
180,TCGAGTTTACACTTTATtgTTaCGtCTCGTATAATGTaTGG,5,-7.366684372352118,1,lacUV5 mutants
181,TtGAGTTgACACTTTATGCTTCCGaCcCGTATAATtTGTGG,5,-7.688279160274435,1,lacUV5 mutants
182,TCGtGTTTACACTTTATGCTTCtGGggCGTATAATGTtTGG,5,-7.60324353117839,1,lacUV5 mutants
183,TCGAGTaTACACcTTATGCTcCCGGCTgGTATAATGTGTGc,5,-7.5350004923365805,1,lacUV5 mutants
184,TCGAGTTTACACTTTgTGCTTCgGGaTtGTATAATGcGTGG,5,-7.5104348433252826,1,lacUV5 mutants
185,TCGAaTTTACACTTTATGCTTCCtttTCGTATAATGTGTaG,5,-7.369069054850706,1,lacUV5 mutants
186,TCGAGTTgACACcTTATGCTTCCGGCgCGTAcAATtTGTGG,5,-7.488334099539972,1,lacUV5 mutants
187,TCGAGTTTACACTTTATGaTTCgtGaTCGTATAATtTGTGG,5,-7.451906768890253,1,lacUV5 mutants
188,gCGAGcTTACACTTTATGCTTCtGGCTgGTATAATGTaTGG,5,-7.40216097130692,1,lacUV5 mutants
189,TCGAGTTTACACTTTATaCTTCaGcCTCGTATAATGTGaGc,5,-7.3791501738337555,1,lacUV5 mutants
190,TCGgGTTTACAaTTTATGCaTCCGtCTCaTATAATGTGTGG,5,-7.274641739531497,1,lacUV5 mutants
191,TCGAGTTTACACTTTATGCTTCaGGCaatTATAATGgGTGG,5,-7.398059848127542,1,lacUV5 mutants
192,TCGgGTTTACACTTTATaCTTCCGcCTgGcATAATGTGTGG,5,-7.353464132308333,1,lacUV5 mutants
193,TCGAGTTTACACTTTcTGCTTCgGGCatGTATAATGTGTaG,5,-7.730021847562571,1,lacUV5 mutants
194,TgGAtTTTACACTTTATaCTTCCGGaTCGTATAATaTGTGG,5,-7.42529513377726,1,lacUV5 mutants
195,TCGAcTTTACACTTTATGCTTCCGGCgaGTATAATGTGcGa,5,-7.608452247280083,1,lacUV5 mutants
196,TCGAGTTcACACTTgATGCaTCCGGCTgGTATAATaTGTGG,5,-7.3505536719774005,1,lacUV5 mutants
197,TCGAGTagACACTcTATGCgTCCGGCTCGTATAATGTGaGG,5,-7.416866573429803,1,lacUV5 mutants
198,TCGAGTTTACACTTgAcGCTTtCcGCTgGTAaAATGTGTGG,6,-7.707489536505648,1,lacUV5 mutants
199,TaGAGTTTACAtTTgAgGCTTCCGGCTCGTATAATGTaTaG,6,-7.677251699233051,1,lacUV5 mutants
200,TCGAGTTTACACTactTGCTTCCtaCTCGTATAATGTGTaG,6,-7.2688318378615815,1,lacUV5 mutants
201,TCGAGTTTACACTTgATGCTaCgGttgCGTATAATGTGTGG,6,-7.458922838341808,1,lacUV5 mutants
202,TtGAGTTTACACgTTATGCcTCCGcCTtGTATAATGTaTGG,6,-7.685600856778671,1,lacUV5 mutants
203,TCGAGTTTACACTgTggGCTcCCGGCTtGTATAATGTGaGG,6,-7.26551851578291,1,lacUV5 mutants
204,TCGgGTTTAtACTTTAcGCTTCCGGCTCGTATAATaTaTaG,6,-7.730570838821045,1,lacUV5 mutants
205,gCcAGgTTACACTTTATGCTTCCGtaTCGTATAATGTGTGc,6,-7.2580130910653935,1,lacUV5 mutants
206,TCGgGTTTACACTaatTGCTTaCGGCgCGTATAATGTGTGG,6,-7.266920001477402,1,lacUV5 mutants
207,TCtAGTTTACACTaaATGCTTCCGGCTgGTATAtTGTGaGG,6,-7.411339142883305,1,lacUV5 mutants
208,TCGAGTgTACACTTcATGCcTCCGGgTgGTATAATGTGcGG,6,-7.562151976497174,1,lacUV5 mutants
209,TCGAGTTTACAaTaTATGCTaCCcGCTCGTATAATaTaTGG,6,-7.708909756758897,1,lacUV5 mutants
210,TCGAGTTTACAaTTaATGCgTCCtGgTCGTATAATcTGTGG,6,-7.303087529830508,1,lacUV5 mutants
211,ggGAGTTTACACTcTATGCTTaCGGCTCtTATAATGTGTcG,6,-7.274984181799859,1,lacUV5 mutants
212,TCGAGTTTACACTTaATGCTaCCGGCgtcTATAATcTGTGG,6,-7.263020933539548,1,lacUV5 mutants
213,cCGAGTTTACACTTgATaCTTCCGGgTCGTATAATGTccGG,6,-7.3083286672966095,1,lacUV5 mutants
214,TCGAGTTTACACTacATGCTTCCGGtTtGTATAATGTtgGG,6,-7.299718199782486,1,lacUV5 mutants
215,cCGtGTTTACAgTTTATGCTcCCGGCTaGTATAATGaGTGG,6,-7.302403028494774,1,lacUV5 mutants
216,TaGAGTaTACACTTTATaaTTCCcGCgCGTATAATGTGTGG,6,-7.315238050020197,1,lacUV5 mutants
217,TCGAGTTTACACcTTATaCTTCCGcCTCGTATAATGaaTaG,6,-7.720293950120479,1,lacUV5 mutants
218,TCGAGTTgACtggTTATGgTTCCGGCcCGTATAATGTGTGG,6,-7.6452839497377125,1,lacUV5 mutants
219,TCGAGTTTACACTgTATGCTTCCGcagCaTATAATtTGTGG,6,-7.520611358014548,1,lacUV5 mutants
220,TCGAGTTTACACTTTATGCcTCCGGCgCGTATAATGTGTGG,2,-7.2255802025258475,2,lacUV5 mutants
221,TaGAGTTTACACTTTATGCTaCCGGCTCGTATAATGTGTGG,2,-7.151015442901554,2,lacUV5 mutants
222,TCGAGTTTACACaTTATGCTTCCGGCTCGTATAATGTGcGG,2,-6.84226819078291,2,lacUV5 mutants
223,TCGAGTTTACACTTTAgGCcTCCGGCTCGTATAATGTGTGG,2,-6.780515725124718,2,lacUV5 mutants
224,TCGAGTTTACACTTTATaCTTCCGGCTCGTATAATGTGTcG,2,-7.247489075528671,2,lacUV5 mutants
225,TCcAGTTTACACTTTATGCcTCCGGCTCGTATAATGTGTGG,2,-6.874006766085169,2,lacUV5 mutants
226,TCGAGTTTACAaTTTAgGCTTCCGGCTCGTATAATGTGTGG,2,-7.131293002082345,2,lacUV5 mutants
227,TCtAGTTTACACTTTATGCTTCCGGCTCGTATAATGTcTGG,2,-7.086426699420453,2,lacUV5 mutants
228,TCGAGTTTACACTgTATcCTTCCGGCTCGTATAATGTGTGG,2,-7.019232516206638,2,lacUV5 mutants
229,TCGAGTTTACACTTcATGCTTCaGGCTCGTATAATGTGTGG,2,-6.888244095827683,2,lacUV5 mutants
230,TCGAGTTTACACTTTATGCgTCCGGCTCGTATAATGTtTGG,2,-6.967839343768785,2,lacUV5 mutants
231,TtGAGTTTACACTTTATGCTTCCGGCTCGTATAATGTGTGa,2,-7.080279848127542,2,lacUV5 mutants
232,TCGgGTTTACACTTTATGCcTCCGGCTCGTATAATGTGTGG,2,-6.888440146311159,2,lacUV5 mutants
233,TCtAGTTTACACTcTATGCTTCCGGCTCGTATAATGTGTGG,2,-7.108127258742486,2,lacUV5 mutants
234,TgGAGTTTACACTTTATGCTTCCGGCTCGTATAATtTGTGG,2,-7.031679046206639,2,lacUV5 mutants
235,cCGAGTTTACACTTTATGCTgCCGGCTCGTATAATGTGTGG,2,-6.9296782606981635,2,lacUV5 mutants
236,TCGAGTTTACACTcTATGCTgCCGGCTCGTATAATGTGTGG,2,-6.983347401941102,2,lacUV5 mutants
237,TCGAGTTTACACTTTAgGCTTCCaGCTCGTATAATGTGTGG,2,-7.003867086828106,2,lacUV5 mutants
238,TCGAGTTTACACgTTATGCTTCCGGCaCGTATAATGTGTGG,2,-7.163843774681214,2,lacUV5 mutants
239,TCGAGTTTACACTTTATGCcTCaGGCTCGTATAATGTGTGG,2,-6.919345254785735,2,lacUV5 mutants
240,TCGAGTTTACACTTcATGCTTCCGGCTCGTATAATGTGTGa,2,-6.921582160799433,2,lacUV5 mutants
241,TCGAGTTTACACTTaATGCTTaCGGCTCGTATAATGTGTGG,2,-7.067366112776836,2,lacUV5 mutants
242,TCGAtTTgACACTTTATGCTTCCGaCTCGTATAATGTGTGG,3,-7.117845883438277,2,lacUV5 mutants
243,gCGAGTTTACACaTTATGCTTCtGGCTCGTATAATGTGTGG,3,-7.093031661686864,2,lacUV5 mutants
244,TCGAGTTTACAaTTcAgGCTTCCGGCTCGTATAATGTGTGG,3,-6.997922080290961,2,lacUV5 mutants
245,TCGAGTTTAtACTTTATtCTTCCGGCTCGTATAATGTGaGG,3,-6.785110582025847,2,lacUV5 mutants
246,TCGAGTTTACACTTTATGCTcCCGGCTCGTATAATGTaTGc,3,-7.113738188962286,2,lacUV5 mutants
247,TCGAGTTTACACaTTATGCTTCCGGCTtGTATAcTGTGTGG,3,-7.170421116489125,2,lacUV5 mutants
248,TCGAGTTTttACTTTATGCTTCCGGCTgGTATAATGTGTGG,3,-7.217452948410027,2,lacUV5 mutants
249,TCGAGTTTACACcTTATGCTTgCGGCTCGTATAATGaGTGG,3,-6.839340452647316,2,lacUV5 mutants
250,TCGAGTTTACACTTTATGgTTCCGGCTCGTATAATGgGTaG,3,-7.229741990698163,2,lacUV5 mutants
251,TCGAGTTTACAtTaTATGCcTCCGGCTCGTATAATGTGTGG,3,-7.150196785859181,2,lacUV5 mutants
252,TCGAGTTTACACTTTATaCTTCtGGCTCGTATAATGcGTGG,3,-6.990673939935451,2,lacUV5 mutants
253,TtGtGTTTACACTTTATGCTTCCGGCcCGTATAATGTGTGG,3,-6.80568719219534,2,lacUV5 mutants
254,TCGAGTTTACACTTTcTGCTTCCGGgaCGTATAATGTGTGG,3,-7.088112945585169,2,lacUV5 mutants
255,TCGAGTTTACACTTaATGCTTgCGGCTCGTATAATGTGTcG,3,-6.866937087353106,2,lacUV5 mutants
256,TCcAGTTTACACTTTATGCTTCCGGCaCGTATAATGTGTGc,3,-7.098729418749011,2,lacUV5 mutants
257,TCGAGTTTACACTTTATGCTTCCaGCTCcTATAATaTGTGG,3,-7.152054516206638,2,lacUV5 mutants
258,TgGAGTTTACACTTTATGCTTCCGGCTCGTAgAATGTaTGG,3,-6.769652035205227,2,lacUV5 mutants
259,TCGAGTTTACACcTTATGCTcCtGGCTCGTATAATGTGTGG,3,-6.836526283297034,2,lacUV5 mutants
260,TCtAGTTTACACTTTATGCTcCgGGCTCGTATAATGTGTGG,3,-7.063819189109718,2,lacUV5 mutants
261,TCGAGTTTACACTTTATGCTTCCGGtTCGTATAATagGTGG,3,-6.928537846715113,2,lacUV5 mutants
262,TCGAGTTTAtACTTaATGCTTCCGGCcCGTATAATGTGTGG,3,-6.934283629725988,2,lacUV5 mutants
263,TCGgGTTTACACTTTATGCTTgCGGCTCGTATAATGTaTGG,3,-7.147373505487712,2,lacUV5 mutants
264,TCGAGTTTACACTTTATGCTTCCGGCTatTATAcTGTGcGG,4,-6.979766276941102,2,lacUV5 mutants
265,TCGcGTTTACAaaTTATGCTTCCGcCTCGTATAATGTGTGG,4,-7.124884156884604,2,lacUV5 mutants
266,TtGAGTTTACACTTTATGCccCCGGCTCGTATAATGTGTaG,4,-7.219718889107769,2,lacUV5 mutants
267,TCGAGTTTACAtTTTATGCTTCaGGCTCGTATAATGTGacG,4,-7.102145416771611,2,lacUV5 mutants
268,TCGAGTTTACACcTTATGCaTCtGGCcCGTATAATGTGTGG,4,-6.770826093768785,2,lacUV5 mutants
269,TCGAGTTTAtACaTTATGCTTCCGGaTCGTATAgTGTGTGG,4,-6.772042856602119,2,lacUV5 mutants
270,TCGAGTgTACACTTTATGCTTCgGGCcaGTATAATGTGTGG,4,-7.022650717619068,2,lacUV5 mutants
271,gCGAGTTTACACTTTATcCTTCCGGCTCGTATAATGaGTGt,4,-7.022896541602117,2,lacUV5 mutants
272,TaGAGTTTACAaTTTtTGCTTCCGcCTCGTATAATGTGTGG,4,-7.210587980895904,2,lacUV5 mutants
273,TaGcGTTTACACTTTATGgTTCCGGCTCGTATAATGTaTGG,4,-7.1780486627475995,2,lacUV5 mutants
274,TCGAGTTTACACcTTATGCTTattGCTCGTATAATGTGTGG,4,-7.2399248924213255,2,lacUV5 mutants
275,TCGAGTTTACACcTTATGCTTCtGGCcCGTATAATGTGTGa,4,-6.904119598127542,2,lacUV5 mutants
276,TCGAGTTTACACTTTATctTTagGGCTCGTATAATGTGTGG,4,-6.903574264144491,2,lacUV5 mutants
277,TCGcGTTTACACTTTtTGCTTCCGGCTaGTATAATcTGTGG,4,-6.910735604624716,2,lacUV5 mutants
278,TCtAGTTTACACTTTATGCTTCCGGgTCaTATAATGTGTGc,4,-7.166673713544745,2,lacUV5 mutants
279,TCtgGTTTACACTTTATGCTggCGGCTCGTATAATGTGTGG,4,-7.065914763403502,2,lacUV5 mutants
280,TCGAcTTTACACcTTtTGCTTCCGGCTCGTATAATGTGTaG,4,-6.836719028918502,2,lacUV5 mutants
281,TCGAGTTTACAgTTTATGCTTCgGGCTCGTATAATGaGTGa,4,-7.138064128636016,2,lacUV5 mutants
282,TCGAGTTTACAaTaTATGCTTgCGGCTCGTATAATtTGTGG,4,-7.166490237958051,2,lacUV5 mutants
283,aCGtGTTTACACTTTAcGCTTCCGGCTCGTATAATGTGgGG,4,-6.755468878636016,2,lacUV5 mutants
284,TgGAGTTTACtCTgTATGCTTCCGGCaCGTATAATGTGTGG,4,-7.093146413438277,2,lacUV5 mutants
285,TCGAGTTTACACTTggTcCTTaCGGCTCGTATAATGTGTGG,4,-6.787838950347457,2,lacUV5 mutants
286,TCGAGTTTACAggTaATGCgTCtGGCTCGTATAATGTGTGG,5,-7.044917611242938,2,lacUV5 mutants
287,TCGAGTTgACACTcTATGCcTCCGGCTCGTATAgTGTGTtG,5,-7.114549137554096,2,lacUV5 mutants
288,TtGAGTTTACAaTTTATGCTaCCGGCTCGTATAATtTtTGG,5,-7.1106110460088985,2,lacUV5 mutants
289,cCGAGTTTACACTTTATGtgTCCGGCTCGTATAATGTcTGt,5,-6.812952325294209,2,lacUV5 mutants
290,TCGtGTTTACACccTATGCgTCCGGCTaGTATAATGTGTGG,5,-7.214915851678388,2,lacUV5 mutants
291,TaGgGTTgACACTTTATcCTTCCGGCTCGTATAgTGTGTGG,5,-7.2216550715738705,2,lacUV5 mutants
292,TCGAGTTTACAtTTTATaCTaCCGGCTCtTAaAATGTGTGG,5,-7.119195037534322,2,lacUV5 mutants
293,cCGAGTTTgCACTTTAgGCTTCCGtCTCGTATAATGTaTGG,5,-7.205022536278673,2,lacUV5 mutants
294,TCGAGcTTACACTTTcTGCcTCCaGCTgGTATAATGTGTGG,5,-6.883659004785733,2,lacUV5 mutants
295,TCGAGTTTACAtTTTgTGCaTgCGGtTCGTATAATGTGTGG,5,-6.751640427102119,2,lacUV5 mutants
296,TCGAGTTTACACccTATaCaTgCGGCTCGTATAATGTGTGG,5,-7.116133424277259,2,lacUV5 mutants
297,TCGcGTTTACACTTTgTaCTTCgGGCTCGTATAATGTGaGG,5,-7.057296494737712,2,lacUV5 mutants
298,TCGAGTTTACACTTTAcGCTcCgGGtTCGTATAATaTGTGG,5,-6.874394446573869,2,lacUV5 mutants
299,TgGAGTTTACAtTTTgTGCTTgCGGCTCGTAaAATGTGTGG,5,-7.031834231234887,2,lacUV5 mutants
300,TCGAGTTTACACTTTAaGCgTgCGaCTtGTATAATGTGTGG,5,-7.1733103578930795,2,lacUV5 mutants
301,TgGAGTTTACACTTTATGCcgCCGGCTCGTAaAATGTGTGa,5,-6.959226876734886,2,lacUV5 mutants
302,TCGAGTTTACACTTTtTGCTTCCGGgTCGTATAATGgGaGt,5,-7.017092341884603,2,lacUV5 mutants
303,TCGAGTTTAtAtaTTATGCTTCCGGCTCcTATAATcTGTGG,5,-6.787958983720762,2,lacUV5 mutants
304,TgGAGTTTACACTTTAcGCTTCCGGCcCGTATAATGaGcGG,5,-6.808433095076696,2,lacUV5 mutants
305,TtGAGTTTACACTTTcTGCTatgGGCTCGTATAATGTGTGG,5,-6.802151919737711,2,lacUV5 mutants
306,TCGAaTggACACTTTATGCTTCCGGCTCGTATAATGTtgGG,5,-7.100118637110594,2,lacUV5 mutants
307,TCtAGTTTACACTTTATGCcTCCctCTCGTATAATtTGTGG,5,-7.174096357491072,2,lacUV5 mutants
308,cCGAcTTTACAtaTTATtCTTCCGGaTCGTATAATGTGTGG,6,-7.108126246432627,2,lacUV5 mutants
309,aCGtGTTTACACTcTATGCTTgCGGCTCtTATAATGTtTGG,6,-6.899240997845056,2,lacUV5 mutants
310,TCGAGTTgAgAaTTaATGCTTCCGGCTaGTATAATGgGTGG,6,-7.192277641025423,2,lacUV5 mutants
311,TCcAGTTgACAaTTTATGCTaCCGGCTCGTATAAaGTGTtG,6,-7.201892253636018,2,lacUV5 mutants
312,gCGAGTTTACACTTTATGCTTCCGtCTCGTATcATcTGTaa,6,-7.0295333509524,2,lacUV5 mutants
313,TCGgGTTTACACaTcATGCTTCCGGCTaGaATAATGTGTGa,6,-6.755097493002824,2,lacUV5 mutants
314,TaGAGTTTACACTaTATGCgTCCGGCcCGTATAATcTGTtG,6,-6.931940524559747,2,lacUV5 mutants
315,TCGgGTTTACACTTTATGCaTCtGGaTCtTATAATGgGTGG,6,-7.213622482469349,2,lacUV5 mutants
316,TCGAGTTTACACcTTgcGCTTCCaGCTCGTATAATaTGTcG,6,-6.891217962534321,2,lacUV5 mutants
317,TCtAGTTTACACTTgATGggTCaGGCTCGTATAATGTGaGG,6,-6.898216546631892,2,lacUV5 mutants
318,TCaAGTTTACACTTTATcCgTCtcGCTCGTATAATGTGTaG,6,-7.1741862858591805,2,lacUV5 mutants
319,TCGAGTTTACAtTTgcaGtTTCCGGCTCGTATAATGTGTaG,6,-6.779397320319209,2,lacUV5 mutants
320,TgGAGTTTACACTTTATGCTTgaGGaTCGTATcATGTcTGG,6,-7.10483270016144,2,lacUV5 mutants
321,TgcAGTTTACAgTTTAcGCTTCCGGCTCGTATAATGgGTcG,6,-6.92257262953997,2,lacUV5 mutants
322,TCGAGTTTACACTTTtTaCaTCgGcCTCGTATAATGTGTGc,6,-7.115711694898728,2,lacUV5 mutants
323,aCGAGTTTACAaTTTAgGtTTCCGtCTCGTATcATGTGTGG,6,-6.802332193240536,2,lacUV5 mutants
324,TCGgGTTTACACcTTATGCTTatGGCcCGTATAATGTGTcG,6,-6.941448783438277,2,lacUV5 mutants
325,TCGAGTagACACTTTATGCacCCGGCTCaTATAATGTGaGG,6,-7.052704401254661,2,lacUV5 mutants
326,TCaAGTTTACACTTTATGCTTCCGGgcaGTATcATGTtTGG,6,-7.142147526093644,2,lacUV5 mutants
327,TgGAGTTTACACTaTATGCTTCCGGCgCGTATgATGaGTGt,6,-6.9708309374213275,2,lacUV5 mutants
328,TCGAGcTTAtACaTTATGCTTCCGGgaCGTATAATGTGTaG,6,-6.847286161686863,2,lacUV5 mutants
329,TCcAGTTTgCACTTTATGCTatCcGCTCGTATAATaTGTGG,6,-7.02968256154562,2,lacUV5 mutants
330,TtGAGTTTACACTTTcTGCTTCCGGCTCGTATAATGTGTGG,2,-6.746719809991949,3,lacUV5 mutants
331,TCGAGTgTACACTcTATGCTTCCGGCTCGTATAATGTGTGG,2,-6.52230144276031,3,lacUV5 mutants
332,TCGAGTcTACACTTTATGCTTCCGGtTCGTATAATGTGTGG,2,-6.251923595302682,3,lacUV5 mutants
333,TCGAGTTTACtCTTTATGCTTCCGGCTCGTATAATtTGTGG,2,-6.473046589652965,3,lacUV5 mutants
334,TCGAGTTTACACTTTATGCTTaCGGCTCGaATAATGTGTGG,2,-6.444570572703814,3,lacUV5 mutants
335,aCGAGTgTACACTTTATGCTTCCGGCTCGTATAATGTGTGG,2,-6.583081302082344,3,lacUV5 mutants
336,TCGAGTgTACACTTTATGCTTCCGGCTCGTATAATGTGgGG,2,-6.475908733155791,3,lacUV5 mutants
337,TCGAGTTTACgCTTTATGCTTCgGGCTCGTATAATGTGTGG,2,-6.440761395585169,3,lacUV5 mutants
338,TCGAGTTTACACgTTATGCTTCCGGCTCGaATAATGTGTGG,2,-6.394087531743361,3,lacUV5 mutants
339,TCGAGTTTACACTTgATGCTTCCGGCTCcTATAATGTGTGG,2,-6.692996559104519,3,lacUV5 mutants
340,TCGcGTTTACACTTcATGCTTCCGGCTCGTATAATGTGTGG,2,-6.724961052889831,3,lacUV5 mutants
341,TCGAGTTTACACTTTATGCTTCaGGCTCGTATAATGcGTGG,2,-6.661476723833758,3,lacUV5 mutants
342,TCGAGTTTACACTTTATGaTTCCGGCTCGTAgAATGTGTGG,2,-6.3332481559524005,3,lacUV5 mutants
343,TCGtGTTTACACTTTAaGCTTCCGGCTCGTATAATGTGTGG,2,-6.650896104624716,3,lacUV5 mutants
344,TCGAGTTTACACTTTATtCTTCCGGCTCGTATAATGgGTGG,2,-6.5810933975625705,3,lacUV5 mutants
345,TCGAGTTTACACTTcATGCTTCCGGCTCGTATAcTGTGTGG,2,-6.5574099192740105,3,lacUV5 mutants
346,TCGAGTTTACACTTcATGCTTCCGGCTCGTATcATGTGTGG,2,-6.254747970121468,3,lacUV5 mutants
347,TCGAGTTTACACTTTATGCTTCgGGCTCGTATAATGcGTGG,2,-6.689856209144491,3,lacUV5 mutants
348,TCGAcTTTACACTTTATcCTTCCGGCTCGTATAATGTGTGG,2,-6.693677338240536,3,lacUV5 mutants
349,TCGAGTTTACACTTTAaGtTTCCGGCTCGTATAATGTGTGG,2,-6.602210941263135,3,lacUV5 mutants
350,TCGAGTTcACACTTTATGCTTCCGGCTCGTATAATGTGTGt,2,-6.258475273240536,3,lacUV5 mutants
351,TCGAGTTTACACTTTcTGCTTCCGGCTCGTATAATGaGTGG,2,-6.693536544455225,3,lacUV5 mutants
352,TCGAGTTTACACTTTAcGCTTCCGGCTCGTATAtTaTGTGG,3,-6.2510450077320625,3,lacUV5 mutants
353,TCGAGTTTACACaTTATcCTTCCGGCTCGTATAATcTGTGG,3,-6.6223651842857345,3,lacUV5 mutants
354,TCGAGTTTACACTTTATGCTTCCcGCTCGTATAcTtTGTGG,3,-6.497261942760311,3,lacUV5 mutants
355,TCGAtTTTACAgTTTATaCTTCCGGCTCGTATAATGTGTGG,3,-6.540406745020197,3,lacUV5 mutants
356,TCGAGTTTgCACTTTATGCTaCCGGtTCGTATAATGTGTGG,3,-6.608730944313983,3,lacUV5 mutants
357,TCGAGTTTACACTTTATGCTTgCGcCTCGaATAATGTGTGG,3,-6.3182228749637,3,lacUV5 mutants
358,gCGAGTTTACACTTcATGCTTCCGGCTCGTATAATGcGTGG,3,-6.552235947522599,3,lacUV5 mutants
359,TCGAGTTTACACTTTATGCTTaCGGCTCGTAgAATGTGcGG,3,-6.398221347562571,3,lacUV5 mutants
360,TCGAGTTTACACTTTATGCTTgCGGCTCGaATAATGaGTGG,3,-6.264912293042797,3,lacUV5 mutants
361,atGAtTTTACACTTTATGCTTCCGGCTCGTATAATGTGTGG,3,-6.284700073268785,3,lacUV5 mutants
362,aCGAGTTTACACTTTcgGCTTCCGGCTCGTATAATGTGTGG,3,-6.688176711686865,3,lacUV5 mutants
363,TCGtGTTTACACTTgATGCTTCCGGCTCGTATAATGcGTGG,3,-6.4072525260536715,3,lacUV5 mutants
364,TCGAGaTTACACTTTATGCTTCCGGCTCtTATAATGTGTtG,3,-6.312456406037145,3,lacUV5 mutants
365,TCGAGTTTACACTTcAgGaTTCCGGCTCGTATAATGTGTGG,3,-6.692260835855932,3,lacUV5 mutants
366,TCGAGTTTACtCTTTATGCTTCCGGCTgGTATAAcGTGTGG,3,-6.265296490782908,3,lacUV5 mutants
367,TCGtGTcTACACTTTATGCTTtCGGCTCGTATAATGTGTGG,3,-6.3286497317433605,3,lacUV5 mutants
368,TCGAGTTTACACTTTAaGCTTCCGaCTCGTATAcTGTGTGG,3,-6.4662781009524,3,lacUV5 mutants
369,TgGAGTTcACACTTTATGCTTCCGGCTCGTATAATaTGTGG,3,-6.5986796111783885,3,lacUV5 mutants
370,TCGAGaTTACACTTTATGCTaCCGGCTCGTATAATGTcTGG,3,-6.336852893466525,3,lacUV5 mutants
371,TCaAGgTTACACaTTATGCTTCCGGCTCGTATAATGTGTGG,3,-6.257297247845056,3,lacUV5 mutants
372,TgGAGTTTACACTgTATGCTTCCGGCTCGTATAgTGTGTGG,3,-6.572532825867656,3,lacUV5 mutants
373,TCGAGTTTACAgTTTATGCTTCCGGCTCGTAgAATGTcTGG,3,-6.437008185698165,3,lacUV5 mutants
374,TCGAGTTTACACTTTATGCTcgCGGCTCGTATgATGTGTaG,4,-6.512506561545622,3,lacUV5 mutants
375,TCGAGTTTAtcCTTTATaCTTCCGGCTCtTATAATGTGTGG,4,-6.318069968184038,3,lacUV5 mutants
376,TCGAGTTTACACTTTAcGgTTCCGGCTCGTATAATGccTGG,4,-6.446494911602118,3,lacUV5 mutants
377,TCGAGaTTACAgTgTATGCTTCCGGCTCGTATAATGTGgGG,4,-6.540266100387429,3,lacUV5 mutants
378,TCGtGTTTACACTTgATGCaTCCGGCTCGTATAATGTGcGG,4,-6.554612507005649,3,lacUV5 mutants
379,TaGAtTTTACACTTTATaCTTCCGGCcCGTATAATGTGTGG,4,-6.593454534568221,3,lacUV5 mutants
380,TCGAGTTTACACTTTAaGCTcCCGGCTCGTATAATGcGaGG,4,-6.31085467256257,3,lacUV5 mutants
381,TCGAGTTgACcCTTTATGCTTCCGGCTCGTATcATGTGTtG,4,-6.4149557139467515,3,lacUV5 mutants
382,TCGAGTTTACACTTTATcCTTCCGGCTCGTATAATGTGccc,4,-6.732925649822457,3,lacUV5 mutants
383,cCGAGTTTACACTTTATGCTgCCGGCTCGTATtATaTGTGG,4,-6.31690667877726,3,lacUV5 mutants
384,TCGAGTcgACcCTTTATcCTTCCGGCTCGTATAATGTGTGG,4,-6.291136801517372,3,lacUV5 mutants
385,TCGAGTTTACACaTTATGgTTCCGGCTCGTATAATGgGcGG,4,-6.6883795381557904,3,lacUV5 mutants
386,TCGAGTaTACACTTTATGCTTCCcGCcCGTATAATGTGTtG,4,-6.510301999257485,3,lacUV5 mutants
387,TCGAGTaTACtCTTgATaCTTCCGGCTCGTATAATGTGTGG,4,-6.4275175619293785,3,lacUV5 mutants
388,cCGtGTTTACACTTTATGCTTCCGGCgCGTATcATGTGTGG,4,-6.556091491630368,3,lacUV5 mutants
389,TCGAGTTTACACTTTATGaTTCCGGaTCtTATAtTGTGTGG,4,-6.468861955387428,3,lacUV5 mutants
390,TCGAtTTTACACTTTATGCcTCCGGCTgGTAgAATGTGTGG,4,-6.617888747723588,3,lacUV5 mutants
391,TCGAaTTTACACTgTATGCaTCCGGCTCGTATAATGTGaGG,4,-6.666421556480651,3,lacUV5 mutants
392,TCGAGTTTAtACTTTATGCTTCCGcCTCGTATAAaaTGTGG,4,-6.370458287393078,3,lacUV5 mutants
393,TCGAGcTTACAaTTTATGCTTCCatCTCGTATAATGTGTGG,4,-6.743637821291382,3,lacUV5 mutants
394,TCGgGTTTACACcTTATGCTTCaGGCTCGTATcATGTGTGG,4,-6.293069702929802,3,lacUV5 mutants
395,TCcAGTTTACtCTTTATGCTTCCGcCTCGTATAATGTGTcG,4,-6.615455285980648,3,lacUV5 mutants
396,aCGAGTTTACACTTTATGCTTaCaGCTCGTATAgTGTGgGG,5,-6.52208603315579,3,lacUV5 mutants
397,TCGAGTTTACcCTTTATGCTTCCGGgTCGTATAATcTGaaG,5,-6.443304675246185,3,lacUV5 mutants
398,TCGAaTTTgCACcTTATGCgTCaGGCTCGTATAATGTGTGG,5,-6.265434756198164,3,lacUV5 mutants
399,TCGAGTTgAaACTTTATcCTTCCtGCcCGTATAATGTGTGG,5,-6.626124566150142,3,lacUV5 mutants
400,TgGAGTTTACgCTTTATGgTTgCaGCTCGTATAATGTGTGG,5,-6.6963900009241515,3,lacUV5 mutants
401,gCGAGTTTACACgTaATGCTTCCGGCTCGTAgAATGaGTGG,5,-6.441058125488701,3,lacUV5 mutants
402,TCGAtgTTACACTTTATGCaTCtGGCTgGTATAATGTGTGG,5,-6.632545179926977,3,lacUV5 mutants
403,cCGAGgTTACAtTaTAcGCTTCCGGCTCGTATAATGTGTGG,5,-6.388404930048446,3,lacUV5 mutants
404,gCGAGTTTACcCgTTATGCTaCCGGCTtGTATAATGTGTGG,5,-6.634279287534322,3,lacUV5 mutants
405,TCGAGTTTACgCTTTATaCTTCCGGCaCGTATAtTGTGTaG,5,-6.31887846818404,3,lacUV5 mutants
406,TCcAGTTTACACTTTATGCgTCaGGCTCGTATAtTaTGTGG,5,-6.337230504785734,3,lacUV5 mutants
407,TCGAGTTTACACgTTATcCTTCCGGCTtGTATgATGTcTGG,5,-6.671338223833756,3,lacUV5 mutants
408,TCGAGTTTACACgTTATGCTTCCGGaTCGaATAtTaTGTGG,5,-6.279375229483475,3,lacUV5 mutants
409,TCGAGTTcACACgTaATGCTTCCGGCTaGTATAATcTGTGG,5,-6.455968933398305,3,lacUV5 mutants
410,TCGAGTTTACACTTTATGCTgCCGGCTgGTATAAcagGTGG,5,-6.694703918890252,3,lacUV5 mutants
411,aCGgGTgTACACTTTATGtTTCCGGCTCGTATAATGTtTGG,5,-6.45909551555692,3,lacUV5 mutants
412,gCGAGTTTACAtTTTATGCTTCCaGCTCGcATAATGTaTGG,5,-6.371355680346468,3,lacUV5 mutants
413,TaGAGTTaACACTTTATGCTcCCGGCTtGTATAATGTcTGG,5,-6.707249661828106,3,lacUV5 mutants
414,TCGtGTcTgCACTTTATGCTTCCGGCTCGTATAATaTtTGG,5,-6.425302971856356,3,lacUV5 mutants
415,cCtAGaTTACACTTTATGCTTCCGGCTCGTATAATGTGTct,5,-6.509958185267908,3,lacUV5 mutants
416,TCttGTTTACcCaTTATGCTTCCGGaTCGTATAATGTGTGG,5,-6.461373594335705,3,lacUV5 mutants
417,TCacGTTTACACcTTAaGCTTCCGGCTCGTATAATGTcTGG,5,-6.463129613099292,3,lacUV5 mutants
418,TCGAGTTTACACTTTAaGCTTaCtGCTCGTAgAATGTGTca,6,-6.509364728579518,3,lacUV5 mutants
419,TtGAGTTTACACTTggTtagTCCGGCTCGTATAATGTGTGG,6,-6.360654214265536,3,lacUV5 mutants
420,TCGAGTcgAtACTTTATGaTTCCGGCTCGcATAATGTGaGG,6,-6.29310322177161,3,lacUV5 mutants
421,TCGAGTTgAaACTTcATGtTTCCcGCTCGTATAATGTGaGG,6,-6.314673856477399,3,lacUV5 mutants
422,TCGAGgTTACACTTgATtCTTCgtGCTtGTATAATGTGTGG,6,-6.650492982776836,3,lacUV5 mutants
423,TCGAGTTTACAgTTTATatTTaCGGCTCGTATcATtTGTGG,6,-6.5359330740314965,3,lacUV5 mutants
424,TaGAcTTTACAgaTTAcGCTTCCGGCTCGTATcATGTGTGG,6,-6.290115742195338,3,lacUV5 mutants
425,TCGAGTTTACACTTTATGCcTatGGCcCGTAcAATtTGTGG,6,-6.348859335294209,3,lacUV5 mutants
426,TCGAGTTaACAaTTTggaCTTCtGGCTCGTATAATGTGTGG,6,-6.482563721008897,3,lacUV5 mutants
427,TCGAGTTTACAtTTTATGCTcCCGaCTCtTATAATGgGcGG,6,-6.665875779907203,3,lacUV5 mutants
428,gCGAGTaTACACTgTAcGCaTCtGGCTCGTATAATGTGTGG,6,-6.587913903090819,3,lacUV5 mutants
429,TCGAGTTTACACTTTATtCTTCCGaCcCtTATAATGTGgGa,6,-6.5362300989749995,3,lacUV5 mutants
430,TCGAGTTTACACTTTATGCTTagGGaTCaTATtATGTGgGG,6,-6.516557395020198,3,lacUV5 mutants
431,TCGAGcTTACACgTTATGCTTCCGGCTgtcATAATGTGTaG,6,-6.412952122138841,3,lacUV5 mutants
432,cCGAtTcTACAtTTTATGCTTCCGGCTaGTATAATGTGTGa,6,-6.338429088240535,3,lacUV5 mutants
433,TCGAGTTgAaACTagATGCTTCCGcCTCGTATAcTGTGTGG,6,-6.398500252607344,3,lacUV5 mutants
434,TCGAGTTTACACTTTATagTTaCGtCTCGTATAAgGTGTGc,6,-6.540705840980648,3,lacUV5 mutants
435,TCGAGTTTACACTTaAgcCTTtCGGCTCGTATAATGacTGG,6,-6.681992138200564,3,lacUV5 mutants
436,TCGAGTTTgCACTTTtcGtTgCtGGCTCGTATAATGTGTGG,6,-6.274103730952401,3,lacUV5 mutants
437,aaGAcTTTAtACTTTATGCTTCCGaCTCGTATtATGTGTGG,6,-6.307703458862005,3,lacUV5 mutants
438,TCGAGTTTACACTTTAgGCTTaCaGCTCGTAgAATGcGTaG,6,-6.583845431460874,3,lacUV5 mutants
439,TCGAcTTTgCACTTTATGCTatCGGCTCGTATAcTGTGTtG,6,-6.382115588381779,3,lacUV5 mutants
440,TCGAGTTTACACTTTATGCTTCCGGCTCGTAgAATGcGTGG,2,-6.030263592477826,4,lacUV5 mutants
441,TCGAGTTTACACTTcATGCTTCCGGCTCGTATtATGTGTGG,2,-6.0031792695564965,4,lacUV5 mutants
442,TCGAGTTTACACTTTATGCTTCCGGCTCGTAgAcTGTGTGG,2,-6.089124979483476,4,lacUV5 mutants
443,TCGAGTTTACACTTTAaGCTTCCGGCTCGTATAAaGTGTGG,2,-5.791145233720762,4,lacUV5 mutants
444,TCGAGTTcACACTTTATGCTTCCGGCTCaTATAATGTGTGG,2,-5.863747917336582,4,lacUV5 mutants
445,TaGAGTTTACACTTTATGCTTCCGGCTCGcATAATGTGTGG,2,-6.075151681460876,4,lacUV5 mutants
446,TCGAGTTTACACTTTATGCTTCCGGCTCGTATtATGaGTGG,2,-6.108693691347882,4,lacUV5 mutants
447,TCGAGTTTACACTTTATGCTTCCGGCTCGTATtATGTGgGG,2,-6.105433549539972,4,lacUV5 mutants
448,TCGAGTTTACACTTTATGCaTCCGGCTCGTATgATGTGTGG,2,-6.139106428514548,4,lacUV5 mutants
449,TCGAGTgTACgCTTTATGCTTCCGGCTCGTATAATGTGTGG,2,-5.897792267619067,4,lacUV5 mutants
450,TtGAGTTaACACTTTATGCTTCCGGCTCGTATAATGTGTGG,2,-6.150570629200987,4,lacUV5 mutants
451,gCGAtTTTACACTTTATGCTTCCGGCTCGTATAATGTGTGG,2,-6.237004795867655,4,lacUV5 mutants
452,TCGtGTTTACcCTTTATGCTTCCGGCTCGTATAATGTGTGG,2,-5.893790737393078,4,lacUV5 mutants
453,TCGAGTTTACACTTTATGtTTCCGGCTCGTATAAaGTGTGG,2,-5.8247686248789545,4,lacUV5 mutants
454,TCGAGTTaACACTaTATGCTTCCGGCTCGTATAATGTGTGG,2,-6.234134093890253,4,lacUV5 mutants
455,TCGAGTTTACACcTTATGCTTCCGGCTCGTATtATGTGTGG,2,-6.013291571291384,4,lacUV5 mutants
456,TCGtGTTTtCACTTTATGCTTCCGGCTCGTATAATGTGTGG,2,-5.850141514229236,4,lacUV5 mutants
457,TCGAGTTTACACTTTATcCTTCCGGCTCGTATtATGTGTGG,2,-6.018042055754662,4,lacUV5 mutants
458,TCGAGTTTACACTTTATGCTTCCGGCTCGTATAgTGTGTcG,2,-6.157238298692515,4,lacUV5 mutants
459,TCGAGgTTACACTTTcTGCTTCCGGCTCGTATAATGTGTGG,2,-6.0478261094269765,4,lacUV5 mutants
460,TCGAGTTTACACTTTATGCTTCCGGCTCGTATAAaGTGTGt,2,-6.126396346686865,4,lacUV5 mutants
461,TCGAGcTTACACTTTAgGCTTCCGGCTCGTATAATGTGTGG,2,-5.887742620726411,4,lacUV5 mutants
462,TCaAGTTcACACTTTATGCTTCCGaCTCGTATAATGTGTGG,3,-6.0684074667716095,4,lacUV5 mutants
463,TCGAGTTcACACaTTATGCTTCtGGCTCGTATAATGTGTGG,3,-6.182245757732061,4,lacUV5 mutants
464,TCGAGTTTACACTTTATGCTTCCGaCTCGTATAAaGTGTcG,3,-5.94148544558517,4,lacUV5 mutants
465,TCGAGTTTtCAaTTTATGCTTCCGGCTCGTATAATGaGTGG,3,-6.2002190727038125,4,lacUV5 mutants
466,TtGAGTTTcCACTTTATGCTTCCGGCTCGTATAATGTaTGG,3,-5.8299769656572025,4,lacUV5 mutants
467,TCGAGTTaACACTTTATGCTTCCGGCTCGTATAcTGaGTGG,3,-5.7961104568846045,4,lacUV5 mutants
468,TCGAGaTTACtCTTTATGCTTCCGGCTCGTAaAATGTGTGG,3,-5.844566561404378,4,lacUV5 mutants
469,TCGgGTTTACACTTTATGCTTCCGGCTCaTATgATGTGTGG,3,-5.936945417619068,4,lacUV5 mutants
470,TCGAGTTTAgACTTTATGCTTCCGcaTCGTATAATGTGTGG,3,-6.158048979483474,4,lacUV5 mutants
471,TCGAGTTTAaACTTTATaCTTCCGGCTCGTATAATGTGcGG,3,-5.875055517054095,4,lacUV5 mutants
472,TCGAGTTTAtACaTTATGCTTCCGGCTCGcATAATGTGTGG,3,-5.978780808579519,4,lacUV5 mutants
473,TCGAGTTTACACTTTATGCTTCCcGCTCGTATtATGTGTGa,3,-6.187289706884604,4,lacUV5 mutants
474,TCaAGTTTcCACTTTATGCTTCCGGaTCGTATAATGTGTGG,3,-6.066799105189689,4,lacUV5 mutants
475,TCGAGTcTACACTTTATGCTgCCGGtTCGTATAATGTGTGG,3,-6.227937181602118,4,lacUV5 mutants
476,TCGAGTTTACACgTTATGCTTCCGGCTCGTATAAaGaGTGG,3,-6.074740396150141,4,lacUV5 mutants
477,TCGAGTTTACACTTTATGCTTCCaGCcCGTATAAaGTGTGG,3,-6.0416911546247185,4,lacUV5 mutants
478,TCGAGTTTACACTTTATGCTTCCGGaTCGaATAtTGTGTGG,3,-5.936922691347881,4,lacUV5 mutants
479,TCGAGTTTACcCTTTATGCTTCCacCTCGTATAATGTGTGG,3,-6.169752962534321,4,lacUV5 mutants
480,TCGAGTTTACACTTTATGCTTCtGGCTaGTATAAcGTGTGG,3,-6.059102855189689,4,lacUV5 mutants
481,TCGAGTTTACACTTTATGCTTCCGGCTCcTATcATGTtTGG,3,-6.239771846715113,4,lacUV5 mutants
482,TCGAGTTTtCACTTTgTGCTTCCGGCTCGTATAATGaGTGG,3,-5.811041675811157,4,lacUV5 mutants
483,TCcAaTTTACACTTTATGCTTCCGGCTCGaATAATGTGTGG,3,-5.900029749257486,4,lacUV5 mutants
484,TCGAGTTTACACTTTATGCTaCCGGCTCGTATAgTGcaTGG,4,-5.974601359866243,4,lacUV5 mutants
485,TgGAGTTTAgACTTTATGCTTCgGGCTCGTATAATtTGTGG,4,-5.755954123325281,4,lacUV5 mutants
486,TCGAtTTTACACTaTATGCTTgCGGCTCGTATAATGTGcGG,4,-6.148225292477824,4,lacUV5 mutants
487,TCGAGTTTACACTTTATGCTaCCGcCTCGTAcAATGcGTGG,4,-6.145791562958051,4,lacUV5 mutants
488,TCGAGTTTACACTTTATGaTTCCGGgTCGTAgAgTGTGTGG,4,-5.841706390415678,4,lacUV5 mutants
489,TCGAGcTTACACTTTAgGCTTCtaGCTCGTATAATGTGTGG,4,-6.063520132025847,4,lacUV5 mutants
490,TCtAtTTTACACTTaATcCTTCCGGCTCGTATAATGTGTGG,4,-6.090711448533022,4,lacUV5 mutants
491,TCGAaaTTACACcTTATGCgTCCGGCTCGTATAATGTGTGG,4,-5.79115826326031,4,lacUV5 mutants
492,TCGAGTTTACACTTTATcCTTaCGcCTCGTATAtTGTGTGG,4,-6.21755619417274,4,lacUV5 mutants
493,TCGAGTTTACACcTTATcCTcCCGGCTCGTAcAATGTGTGG,4,-6.181131924539971,4,lacUV5 mutants
494,TCGAtTTTACACaTTAgGCTTCCcGCTCGTATAATGTGTGG,4,-6.054479887675565,4,lacUV5 mutants
495,TCGAGTTTACACTTTATaCTcCCGGCTCGcATAATGTGcGG,4,-5.9615119974213275,4,lacUV5 mutants
496,TCGAGTTTACACTTTATaCTTCCGGCcCGTATAgTGcGTGG,4,-6.067515047280085,4,lacUV5 mutants
497,TCGAGTTTACACTTTAgGCTTCCGGgTCGcAaAATGTGTGG,4,-5.8817260953026835,4,lacUV5 mutants
498,TCGAGTTTACtCTTTATGCTgCCcGCTCGTATgATGTGTGG,4,-5.835714286121892,4,lacUV5 mutants
499,TCGAGTTTACggTTTtTGCTTCCGGCTCGTATAATGaGTGG,4,-6.164218211121892,4,lacUV5 mutants
500,TCaAGTTTcCACcTTATGCTTCCGtCTCGTATAATGTGTGG,4,-5.8463754851331915,4,lacUV5 mutants
501,TaGAGTTaACACTcTATGCgTCCGGCTCGTATAATGTGTGG,4,-6.24917712484223,4,lacUV5 mutants
502,cCGAGTTTACACcTTAaGCTTCCGGCTCGaATAATGTGTGG,4,-5.920984175811158,4,lacUV5 mutants
503,TCGAGTTTACAaTTTATGCTTCCGGCTCaTATAAaGTGaGG,4,-5.9578155792009895,4,lacUV5 mutants
504,TCGAGTTTcCACTcTcTGCTTCCGGaTCGTATAATGTGTGG,4,-5.865194620726411,4,lacUV5 mutants
505,TCGAGTTTtCACTTTATGCTTCCGGCgCGTATgATGTGTaG,4,-5.924380021856354,4,lacUV5 mutants
506,TCGAGTTTACgCTTTgTcCcTCCGGCTCGTATAATcTGTGG,5,-5.777601845181214,4,lacUV5 mutants
507,TCcAGTTTACACTTaATGCTTCCtGCTtGTtTAATGTGTGG,5,-5.99412638447175,4,lacUV5 mutants
508,TCcAGTTTACACcTTATGCgTCCGGCTCGTAgAATGTGgGG,5,-6.140553241508898,4,lacUV5 mutants
509,TCGAGTTTACACTTTATGCTTgCGGCTCGTATAgTGcGacG,5,-5.773136904059745,4,lacUV5 mutants
510,TCGAGTgTtCACTTTAaaCTTCCGGgTCGTATAATGTGTGG,5,-5.881509598127542,4,lacUV5 mutants
511,TCGAGTTTACACTTggTGCTTCCGGaTCaTATtATGTGTGG,5,-6.103627410799436,4,lacUV5 mutants
512,cCGAGTTTACACTTTATGaTaCCGGCTCGTATAgTGTGgGG,5,-6.049810436602118,4,lacUV5 mutants
513,TCGAGcTTACACTTTAaaCcTtCGGCTCGTATAATGTGTGG,5,-6.0139556093055075,4,lacUV5 mutants
514,TCGtGTcTACACTTTtTGCTaCCtGCTCGTATAATGTGTGG,5,-6.194820579850706,4,lacUV5 mutants
515,TCGAGTTTACACTTaATGtTTCCGGCTCGTAacATGTGTGt,5,-6.068177551929379,4,lacUV5 mutants
516,TCGAtTTTACACTTTATGCgTCCGGtaCGTATAATaTGTGG,5,-6.23916499066144,4,lacUV5 mutants
517,TCGAGaTTACACcTTATGCTTggGGCTCGTATAATcTGTGG,5,-6.061969993042796,4,lacUV5 mutants
518,TCGcGTTTcCACgcTATGCTTCCGGCTCGTATAATGTGTaG,5,-6.019224182308332,4,lacUV5 mutants
519,TCGAGTcTAttCTTTATGgTTCCGGCTCcTATAATGTGTGG,5,-5.962209832506073,4,lacUV5 mutants
520,TCGAGTTTACACTTcATGCTTCCaaCTCGTAaAAaGTGTGG,5,-5.787368961646892,4,lacUV5 mutants
521,TCGAGTcTACACTTTATGacTCCGGCTCtTATAcTGTGTGG,5,-5.861895073910028,4,lacUV5 mutants
522,TCGAGTTcACACTTTATGgaTCCGGCTCGTATAATGTccGG,5,-5.888858014023022,4,lacUV5 mutants
523,TgGAGTTTACACTTTATGgTTCCGGCTCGTcTAATGgGTaG,5,-5.833608430302683,4,lacUV5 mutants
524,TtcAGTTTACtCTTTATGCTTCCaGCTCGaATAATGTGTGG,5,-6.087350034568219,4,lacUV5 mutants
525,TgGAGTTTAgACTTTATGCaTCgGGCTCGTATAATGTGTGa,5,-5.929814367554094,4,lacUV5 mutants
526,TCGAGTTTACtCTgTAaGCTTCCGGCTCGTAgAATtTGTGG,5,-5.80533853315579,4,lacUV5 mutants
527,TCGAcTTTACtCgTTATGCTTCCGGCaCGaATAATGTGTGG,5,-5.948636641912852,4,lacUV5 mutants
528,TtGAaTgTACAgTTTATGCTTCCGGCTCtTATAATGTGTGc,6,-6.148612572703812,4,lacUV5 mutants
529,TCGAGTaTACACTTTATGCgcCCGGCTtGTATAAaGTGaGG,6,-5.865197878655791,4,lacUV5 mutants
530,TCGAGTTTACgCTgTcTGCTTCaGGCTCGTATAATGgGaGG,6,-6.138048973268784,4,lacUV5 mutants
531,TCGcGTTaACACTaTcTGCTTCCGcgTCGTATAATGTGTGG,6,-6.149848137110593,4,lacUV5 mutants
532,TCGAGTTTACACTTaATGCTTCCGGtTCGTATAAaGTGgtc,6,-5.8163713579745755,4,lacUV5 mutants
533,TCGAGTTTACACTTTATGCTTCCGGCcCGTATccTGgcTGt,6,-5.994672519003249,4,lacUV5 mutants
534,TCGAaTTgACAgTTTATGCTcCCGGCTCGTATAAcaTGTGG,6,-6.241981731037146,4,lacUV5 mutants
535,TCGcGTTTACACTTTATGCTTCCGcCgCGcATAATGgGTcG,6,-5.93870539276031,4,lacUV5 mutants
536,cCGAGTTTACcCTaTATaCTaCCGGCTCaTATAATGTGTGG,6,-6.097170007873305,4,lacUV5 mutants
537,TCGgGaTTACACgTTATGCTTCCGGtTCGTAcAATGTtTGG,6,-5.865055557449576,4,lacUV5 mutants
538,TCGAGTTTACACaTTcTGCTaCCGGCTCGTATgATGTaTGt,6,-6.183820604188275,4,lacUV5 mutants
539,TaGgGTTTACgCTTTATGCTTCCGGCTCtTAcAATGTGcGG,6,-5.836661919878955,4,lacUV5 mutants
540,TCGAGTTTACAgTcTATGCTgCCGGCTtGgATAATGgGTGG,6,-5.989051949963701,4,lacUV5 mutants
541,TaGAGTTgACACTTTAgGCTTCCGGCTCGTgcAATGTaTGG,6,-6.232475235431214,4,lacUV5 mutants
542,TCGAGTTTACAaTTaATGCTTCCGGCTCaTAcAcTGTtTGG,6,-6.166469222946328,4,lacUV5 mutants
543,TCGAGTTcACACTTTAgGtTTgaGGCTCGTATAATGTaTGG,6,-6.033796157662852,4,lacUV5 mutants
544,aCGAGTcTACACTTTAgGCaTCgGGtTCGTATAATGTGTGG,6,-6.206245848006073,4,lacUV5 mutants
545,aCGAGTTgACtCTTTAgGCTTCCGGCTCGTgTAATGTGTtG,6,-6.154839409426978,4,lacUV5 mutants
546,TCaAtTTTACACTTTATGCTTggtGCTCGTATAATGcGTGG,6,-5.991959763325282,4,lacUV5 mutants
547,TCGAaTTTACACTcTgTGCTcCCGGCcCtTATAATGTGTGG,6,-6.210270613805507,4,lacUV5 mutants
548,TCGAGTTTACACTTTtTGCTTCCGGgTCGTATcATGcGctG,6,-5.984851316489124,4,lacUV5 mutants
549,TCGAGcTTACACTTTATGCTTCCGGCTgGTATtcTGatTGG,6,-6.006344668749011,4,lacUV5 mutants
550,TCGAGTTTACACTTTATGCTTCCGGCTCGgATAcTGTGTGG,2,-5.283395120726413,5,lacUV5 mutants
551,TCGAGTaTACACTTTATGCTTCCGGCTCGcATAATGTGTGG,2,-5.451092027506072,5,lacUV5 mutants
552,TCGAGTTTAgACTTTtTGCTTCCGGCTCGTATAATGTGTGG,2,-5.414615349539971,5,lacUV5 mutants
553,TCGAGTTTAgACTTTATGCTTCCGGCTCGTATAATGTGaGG,2,-5.636035144172739,5,lacUV5 mutants
554,TCGAGTTTACACTTTATGaTTCCGGCTCGTATAAcGTGTGG,2,-5.407293848042795,5,lacUV5 mutants
555,TCGAGTTTcCACTTTATGCcTCCGGCTCGTATAATGTGTGG,2,-5.544114665802683,5,lacUV5 mutants
556,TCGAGTTaACACTTTATGCTTCCGGCTCGTAcAATGTGTGG,2,-5.643053552929802,5,lacUV5 mutants
557,TCGAGTTTACACTTTATGCTTCCGGCTCGgATAATGTGTGc,2,-5.635055454059746,5,lacUV5 mutants
558,TCGAGTTTACACTTTATGCTTgCGGCTCGgATAATGTGTGG,2,-5.58306985236483,5,lacUV5 mutants
559,TCGAGTTTtCACTTTATGCTTCCGGCTCaTATAATGTGTGG,2,-5.708356716771609,5,lacUV5 mutants
560,TCGAGTTTACACTTgATGCTTCCGGCTCGTATAAcGTGTGG,2,-5.369207194697739,5,lacUV5 mutants
561,TCGAGTTTACACTTTATaCTTCCGGCTCGTcTAATGTGTGG,2,-5.678998383438276,5,lacUV5 mutants
562,TCGAGTTTAaACTTTcTGCTTCCGGCTCGTATAATGTGTGG,2,-5.442712383438276,5,lacUV5 mutants
563,TCGAGTTTAaACTTTATGCTTgCGGCTCGTATAATGTGTGG,2,-5.711774911686863,5,lacUV5 mutants
564,TCGAaTTTcCACTTTATGCTTCCGGCTCGTATAATGTGTGG,2,-5.2678244286360165,5,lacUV5 mutants
565,TCGAGTTTACACTTTATGCTgCCGGCTCGTATAAgGTGTGG,2,-5.661942435839406,5,lacUV5 mutants
566,TCGAGTTTACACTTaATGCTTCCGGCTCGTATAAcGTGTGG,2,-5.389556338765536,5,lacUV5 mutants
567,TtGAGTTTACACTTTATGCTTCCGGCTCGTcTAATGTGTGG,2,-5.400266575528673,5,lacUV5 mutants
568,TCGAGTTTAgACTTTATGCTTCCGGCTCGTATAATGTGTcG,2,-5.609768824116242,5,lacUV5 mutants
569,TCGtGTTTACACTTTATGCTTCCGGCTCGTATAAgGTGTGG,2,-5.55650230518969,5,lacUV5 mutants
570,TCGAtTTTACACTTTATGCTTCCGGCTCGTATAgTGTGTGG,2,-5.397125177223588,5,lacUV5 mutants
571,TCGAGTTTAgACTTTATGCTTCCGGCTCGTATAATGTtTGG,2,-5.71386982976596,5,lacUV5 mutants
572,TCGAGTTTACACTTTATGCTTCCGGCTCGTAgcATGgGTGG,3,-5.659472818466526,5,lacUV5 mutants
573,gCGAGTTTACACTTTAaGCTTCCGGCTCGTATAAgGTGTGG,3,-5.5278811659241525,5,lacUV5 mutants
574,TCGAGTTTACACTTTATGCTTCCGGgTCGTtaAATGTGTGG,3,-5.535714937110593,5,lacUV5 mutants
575,TCGAGTgaACACTTTATGCTTCgGGCTCGTATAATGTGTGG,3,-5.698148245867654,5,lacUV5 mutants
576,TCGAGTTTACACTTTATGCTTCCGcCTCGTcTAATGTGTcG,3,-5.351766646150141,5,lacUV5 mutants
577,TCcAGcTTACACTTTcTGCTTCCGGCTCGTATAATGTGTGG,3,-5.710568958297032,5,lacUV5 mutants
578,TCGAGTTTACACTTTATGCTTCCGGCTCGTATAAcGTcTtG,3,-5.506404230895904,5,lacUV5 mutants
579,TCGAGTTTACACTTTATGCTcCCGGCTCGTATAAcGTGTcG,3,-5.328851575669914,5,lacUV5 mutants
580,TCGAGTTTACACTTTATGCTTCCGGCcCGTgTAATtTGTGG,3,-5.266392677223589,5,lacUV5 mutants
581,TCGAGTTTACACTTTtTGCTTCCGGCTCGcATAATGaGTGG,3,-5.615165103777259,5,lacUV5 mutants
582,TCGAGTTTACACTTTATGCTTCCaGCTCGTtTAATGgGTGG,3,-5.425610293042796,5,lacUV5 mutants
583,TtGAGTTTACACTTTATGCTTCCGGtTCGTtTAATGTGTGG,3,-5.2775800077320625,5,lacUV5 mutants
584,TCGAGTTTACcCTTTATGCTaCCGGCTCGTAgAATGTGTGG,3,-5.3921697578733045,5,lacUV5 mutants
585,TCGAGTTTACACTTTgTGCTTCCGGCTCGTtTAATGTcTGG,3,-5.284424531743361,5,lacUV5 mutants
586,TCGAGTaaACACTTTgTGCTTCCGGCTCGTATAATGTGTGG,3,-5.548863684285734,5,lacUV5 mutants
587,TCGAGTaTACACTTTATGCTgCCGGCTCGTATAAaGTGTGG,3,-5.543183622280084,5,lacUV5 mutants
588,TCGAGTTTACACTTTATGCTTCCGaCTCGgATAATGTcTGG,3,-5.565479894737712,5,lacUV5 mutants
589,TCGAGTTTAaACTTTAgGCTTCCGaCTCGTATAATGTGTGG,3,-5.591337185698163,5,lacUV5 mutants
590,TCGAGTTTACACTgTATGtTTCCGGCTCGTcTAATGTGTGG,3,-5.342511006234887,5,lacUV5 mutants
591,TCGAGTcTACcCTTTAcGCTTCCGGCTCGTATAATGTGTGG,3,-5.310247182873304,5,lacUV5 mutants
592,TCGAGcTTACAgTTTATGCTTCCGGCTCGTATgATGTGTGG,3,-5.267492521856355,5,lacUV5 mutants
593,TCGAGTTTAtACTTTATcCTTCCGGCTCGTgTAATGTGTGG,3,-5.510906295867655,5,lacUV5 mutants
594,TCGAGTTTAaACTTTATGCTTCgGGCgCGTATAgTGTGTGG,4,-5.320913856037146,5,lacUV5 mutants
595,TCGAGTTTAaACTTTAaGCTTCCGGtTCGTATAATGTGaGG,4,-5.300015398410028,5,lacUV5 mutants
596,TCGAGTTTAatCTTTATcCTTCCGGCTCGTATAATGTGTtG,4,-5.305602016206637,5,lacUV5 mutants
597,gCGAtTTTACACTTTATGCTTCCGGCaCGTATcATGTGTGG,4,-5.705135403212287,5,lacUV5 mutants
598,TCcAGcTTACgCTTTATGCTaCCGGCTCGTATAATGTGTGG,4,-5.342608892054095,5,lacUV5 mutants
599,TaGAGgTTACACTTTATGCTTtCGGCTCGTATtATGTGTGG,4,-5.678219630613417,5,lacUV5 mutants
600,TCGAGTTTcCACTcTATtCTTCCGGCTCGTATAATGTGTGt,4,-5.501202372110592,5,lacUV5 mutants
601,TCGAGTcTACACTTTATGCcTCCGGCTCtTAgAATGTGTGG,4,-5.618669849418502,5,lacUV5 mutants
602,TCGAGTTTACttTTTATGCTTCCGGCTCGcATAATGTGcGG,4,-5.558292672421327,5,lacUV5 mutants
603,TCGAGTaTtCAaTTgATGCTTCCGGCTCGTATAATGTGTGG,4,-5.697124892437852,5,lacUV5 mutants
604,TCGAGTTTAgACTTTATGCTTCtGaCTCGTATAATGTGTcG,4,-5.651697095302683,5,lacUV5 mutants
605,TCGgtTTTACACTTTATGCTTCCGGCaCGaATAATGTGTGG,4,-5.556352225528672,5,lacUV5 mutants
606,TCGAGTTTACAtTTTATGCTTCCGGCaCtTgTAATGTGTGG,4,-5.645020781743363,5,lacUV5 mutants
607,TCGAGTTTgCACTTTATGCTTCCGGCTCGTATcAaGTGTGa,4,-5.287167334003248,5,lacUV5 mutants
608,TCGAGTaTtCACTTTATGCTTCtGGCcCGTATAATGTGTGG,4,-5.5162828975625695,5,lacUV5 mutants
609,cCGAtTTTACtCcTTATGCTTCCGGCTCGTATAATGTGTGG,4,-5.684017608014547,5,lacUV5 mutants
610,TCGAGgTTtCACTTaATGCTTCCGcCTCGTATAATGTGTGG,4,-5.25656396588418,5,lacUV5 mutants
611,TCGAGTTTACACTTTATGagTCCGGCTCGTgTAATGTGTtG,4,-5.441561782949576,5,lacUV5 mutants
612,aCGAGTTTACACgTTATGCTTCCGGCTCGgATAcTGTGTGG,4,-5.4591676114043794,5,lacUV5 mutants
613,agGAGTTTACACTTTATGCTTCCGGCTCaTATAAgGTGTGG,4,-5.711757812308334,5,lacUV5 mutants
614,TCGAtTTTACACTTTAaGCaTCCGGtTCGTATAATGTGTGG,4,-5.721918448288559,5,lacUV5 mutants
615,TCGAGTTTACACTTgATGCTaCCGGCTCGaAcAATGTGTGG,4,-5.687548611505649,5,lacUV5 mutants
616,TCGcGTTTACtCTTTATGCTTCgGGCTtGTcTAATGTGTGG,5,-5.448552402082344,5,lacUV5 mutants
617,TCGAGTTcACACTTTATGCTTgatGCTCGTAgAATGTGTGG,5,-5.727488739878954,5,lacUV5 mutants
618,TCGAGTTTgCACTTTATtCTTCCGGgTCGgATAATGTGTcG,5,-5.372051603777259,5,lacUV5 mutants
619,cCGAGTTcACACgTTATGCTgCCGGCTCGTAcAATGTGTGG,5,-5.690106024822457,5,lacUV5 mutants
620,TCGAtTTaACACTTTATGCTTCCcGaTCGTAaAATGTGTGG,5,-5.588092098127542,5,lacUV5 mutants
621,TCGAGTTTACACTgTATGCTcCgGGCTCGTATAAgGgGTGG,5,-5.67558953979421,5,lacUV5 mutants
622,TCGAaTTTAaAagTaATGCTTCCGGCTCGTATAATGTGTGG,5,-5.608149924923728,5,lacUV5 mutants
623,TCGAGTTcACACTTTATGCTTCaGGCTCGTAcAATtTGTGc,5,-5.551346565641665,5,lacUV5 mutants
624,TCGAGTTTACgCTTTATGgTTaCGGCTCGTATAAgGTGTGc,5,-5.250380332506072,5,lacUV5 mutants
625,TCGAtTTTACACTTgATGgTTCCGGCTtGTATAtTGTGTGG,5,-5.7165811409406775,5,lacUV5 mutants
626,TCGcGTTTACACTTgATaCTTCCGGCTCGTtTAATGTGaGG,5,-5.484250396957626,5,lacUV5 mutants
627,TCGAGgTTACACTTTATGCTaCCGcCTCGcATAATaTGTGG,5,-5.452033783297033,5,lacUV5 mutants
628,gCGAGaTTACACTTTATtCTTCCGGCTCGTATAgTGTGTaG,5,-5.747763016206639,5,lacUV5 mutants
629,TCGAGTTaACACTcTATGtTTCCGGCTCGTATtATaTGTGG,5,-5.3496366418281065,5,lacUV5 mutants
630,TCGAGTTTAaACgTTAgGCTTCaGGCTCGTAaAATGTGTGG,5,-5.542924253494773,5,lacUV5 mutants
631,cCGAGTTTACACTTTcTGCTaCCGGCTCGTgTAATGTaTGG,5,-5.34984286551596,5,lacUV5 mutants
632,TCGAGaTTACACTTTATaCTTCCcGCTCGTATtATGgGTGG,5,-5.682074033155791,5,lacUV5 mutants
633,TCGAGTTTACACTTTATGCTTgCGGaTCGTAaAAcGTGTcG,5,-5.69796257835353,5,lacUV5 mutants
634,TCGAGTTTACACTTTtTGaTTCCGGCTaGTAaAAcGTGTGG,5,-5.5130180853309305,5,lacUV5 mutants
635,TCGAtTTTACACTTTccGCTTCCGGgTCGTATgATGTGTGG,5,-5.2726483551896886,5,lacUV5 mutants
636,gCGAtTTTtCACTTTATGCTTCtGGCTCGTATAATGTGTGc,5,-5.329594445585168,5,lacUV5 mutants
637,TCGAGTTTtgACTTTATGCTTCCaGaTCGTATAATGTGTGa,5,-5.304082141912851,5,lacUV5 mutants
638,TCGAGTTTACACTTaATGCTTCCaGgTCGcATcATGTGTGt,6,-5.747220279415252,5,lacUV5 mutants
639,TCGtGTTTACACTTaATGaTTCCGGCTCGTATAcatTGTGG,6,-5.258768832466102,5,lacUV5 mutants
640,aCGAGTTTttgCaTTATGCTTCCcGCTCGTATAATGTGTGG,6,-5.526213543607768,5,lacUV5 mutants
641,TCGAGTTTACtCTTTAgcCTTCCGGgTCGTATAAcGTGTGt,6,-5.31718555572641,5,lacUV5 mutants
642,TCGAGTTaACgCTTTATGCcTCCaGCTCGTATAATcaGTGG,6,-5.263191078232061,5,lacUV5 mutants
643,gCGAGcTgAaACTTTgTGCTTCCGcCTCGTATAATGTGTGG,6,-5.604101978071045,5,lacUV5 mutants
644,TCGAGTTTACAgTaTATGCTTCCGGCTgGTgaAAaGTGTGG,6,-5.650812723833757,5,lacUV5 mutants
645,TaGAGgTTACACTTTATtgTTaCGGCTCGTATgATGTGTGG,6,-5.563614045782909,5,lacUV5 mutants
646,TCGAGTgTAgAgTcTATGCTTCCGGgTCGTATAATGaGTGG,6,-5.508464493607767,5,lacUV5 mutants
647,TCGAGTTTtCACTTcATGCTTCaGGaTCGTATcATGTGaGG,6,-5.723653452607343,5,lacUV5 mutants
648,TgGAGTTTACgCTggATGCTTCCGtCTCGTcTAATGTGTGG,6,-5.414167428087571,5,lacUV5 mutants
649,TCGAGgTTACgCTTTATGCTTtCGGCgCGTATgATGTGTGc,6,-5.339767216771609,5,lacUV5 mutants
650,TCGAaTgTACACTTTggGCTTCCGGCTCGTAaAATGTtTGG,6,-5.743542585415678,5,lacUV5 mutants
651,TCGAtTTTACACTTTATGCTTCCGGgcCGTATAtTGTtTGt,6,-5.743039711093643,5,lacUV5 mutants
652,TCGAcTTTACtCgTTAgGCTTCCGGCTCGTATAAaGTcTGG,6,-5.469379791630367,5,lacUV5 mutants
653,TCGAGgaTACACTTTATGCgTCgGcCTCGTATAATcTGTGG,6,-5.642704175124717,5,lacUV5 mutants
654,TCGAGTTTACACTaTATcCTTttGGCTCGTATAAcGTGTGa,6,-5.599307937110591,5,lacUV5 mutants
655,TCaAGTTTACACTTTtTGCaTCCGGCcCGTATAgTGTcTGG,6,-5.749207235011724,5,lacUV5 mutants
656,gCGAGTTTAtACTTTgTGCTTtCGGCTCGTgTAATGTGTGa,6,-5.632214315641665,5,lacUV5 mutants
657,TaGAGTTgAaACTTTAcGCTTCCGGCTCGTgTAATGTaTGG,6,-5.393155534866242,5,lacUV5 mutants
658,TCGAGTTTACgCTTTATGtTTCCGGgcCcTATAtTGTGTGG,6,-5.381624684200988,5,lacUV5 mutants
659,TCGAcTTTACACTTcAgGCTTCCGGCTCGTATAAaGTcTcG,6,-5.525313139612993,5,lacUV5 mutants
660,TCGAGTTTACACTTTATGCTTCCGGCTCGTATAccGTGTGG,2,-5.16317067157387,6,lacUV5 mutants
661,TCGAGTTccCACTTTATGCTTCCGGCTCGTATAATGTGTGG,2,-4.789285939935452,6,lacUV5 mutants
662,TCGAGTTTACACTTTATGCTTCCGGCTCGTtcAATGTGTGG,2,-4.949328595302684,6,lacUV5 mutants
663,TCGAGTTTACgCTTTATGCTTCCGGCTCGTATAAgGTGTGG,2,-5.076695742195338,6,lacUV5 mutants
664,TCGAGTTTACACTTTATGCTTCCGGCTCGTATAgaGTGTGG,2,-5.21668812920099,6,lacUV5 mutants
665,TCGAGgTTACACTTTATGCTTCCGGCTCGTATAAcGTGTGG,2,-4.7908806433252815,6,lacUV5 mutants
666,TCGAGTTTAgACTTTATGCTTCCGGCTCGTATtATGTGTGG,2,-4.802888513381779,6,lacUV5 mutants
667,TCGAGTTTAaACTTTATGCTTCCGGCTCGTATAgTGTGTGG,2,-4.927184883438275,6,lacUV5 mutants
668,TCGAGTTaACACTTTATGCTTCCGGCTCGTATAAgGTGTGG,2,-4.81911496535918,6,lacUV5 mutants
669,TCGAGTTcACcCTTTATGCTTCCGGCTCGTATAATGTGTGG,2,-5.166118793042796,6,lacUV5 mutants
670,TCGAGaTTACACTTTATGCTTCCGGCTCGTtTAATGTGTGG,2,-4.812130205472173,6,lacUV5 mutants
671,TCGAtTTTACcCTTTATGCTTCCGGCTCGTATAATGTGTGG,2,-5.214476914511723,6,lacUV5 mutants
672,TCGAGTTcAaACTTTATGCTTCCGGCTCGTATAATGTGTGG,2,-4.856278598127542,6,lacUV5 mutants
673,TCGAGTgTACACTTTATGCTTCCGGCTCGTATAAcGTGTGG,2,-4.979415205472175,6,lacUV5 mutants
674,TCGAGTTTACACTTTATGCTTCCGGCTCGTtTAATGcGTGG,2,-5.071380612251836,6,lacUV5 mutants
675,TCGAGTTctCACTTTATGCTTCCGGCTCGTATAATGTGTGG,2,-5.122469569878954,6,lacUV5 mutants
676,TCGAGaTTcCACTTTATGCTTCCGGCTCGTATAATGTGTGG,2,-5.026995728071045,6,lacUV5 mutants
677,TCGAaTTTACACTTTATGCTTCCGGCTCGTcTAATGTGTGG,2,-4.996379809991949,6,lacUV5 mutants
678,TCGAGTTTACACTTTATGCTTCCGGCTCGgAcAATGTGTGG,2,-5.102481716771611,6,lacUV5 mutants
679,TCGAGTTacCACTTTATGCTTCCGGCTCGTATAATGTGTGG,2,-4.7795705444552254,6,lacUV5 mutants
680,TCGAtTTTACACTTTATGCTTCCGGCTCGTATAAgGTGTGG,2,-4.877188482308333,6,lacUV5 mutants
681,TCGAGTTTACACTTTATtCTTCCGGCTCGTATAAcGTGTGG,2,-5.180473439935452,6,lacUV5 mutants
682,TCGAGTTTACACTTTATGCTTCCGGCTCGTATAActgGTGG,3,-5.156094287393079,6,lacUV5 mutants
683,TCGAGTaTgCACTTTATGCTTCCGGCTCGTATAAgGTGTGG,3,-5.075549075528671,6,lacUV5 mutants
684,TCGAGTgTACACTTTATGCTTCgGGCTCGTcTAATGTGTGG,3,-4.947844192195338,6,lacUV5 mutants
685,TCGgGTTTAgACTTTATGCTTCCGGCTCGTATAtTGTGTGG,3,-4.825401126658615,6,lacUV5 mutants
686,TCGAGcTTACcCTTTATGCTTCCGGCTCGTAaAATGTGTGG,3,-4.837720007732061,6,lacUV5 mutants
687,TCGAGTTTACACTTTAgGCTTCCGGCTCGTATttTGTGTGG,3,-5.195630826941102,6,lacUV5 mutants
688,TgGAGTTTACgCTTTATGCTTCCGGCTCGTcTAATGTGTGG,3,-4.986691080104943,6,lacUV5 mutants
689,TtGAGTTaACACTTTATGCTTCCGGCTCGcATAATGTGTGG,3,-5.045315205472174,6,lacUV5 mutants
690,TCGAGTTTACACgTTATGCTTCCGGCTCGTgTtATGTGTGG,3,-4.774235540217937,6,lacUV5 mutants
691,TCGAGTTTACtCTTTATGCTTCCGcCTCGTATAAcGTGTGG,3,-5.152253581178388,6,lacUV5 mutants
692,TCGtcTTTACACTTTATGCTTCCGGCTCGTgTAATGTGTGG,3,-5.220727714794209,6,lacUV5 mutants
693,TCGAGTTTACACTTTAaGCTTCCGGCTCcTATAAcGTGTGG,3,-5.048891674398727,6,lacUV5 mutants
694,TtGAGTTTACACTTTATGCTTCCGGCTCaTcTAATGTGTGG,3,-5.129055233720764,6,lacUV5 mutants
695,TCGAGTgTACACTTTATGCgTCCGGCTCGTcTAATGTGTGG,3,-4.810215273147315,6,lacUV5 mutants
696,TCGAGTTTACACTTTATGCTTCCGcCTCGTtTcATGTGTGG,3,-4.853034132025848,6,lacUV5 mutants
697,TCGAtTcTACgCTTTATGCTTCCGGCTCGTATAATGTGTGG,3,-5.01321578456822,6,lacUV5 mutants
698,TCGAGTcTACACTTTATGCTTCCGGCTCGTATAAcGTGcGG,3,-4.761198946432625,6,lacUV5 mutants
699,TCGAGTTcACACTTTATGCTaCCGGCTCGTATAAaGTGTGG,3,-5.116390181602118,6,lacUV5 mutants
700,TCGAGTTaACACTTTATGCTTCCGGCTCGTATAAaGTGTGc,3,-5.186449874963699,6,lacUV5 mutants
701,TCGAGTTTACACTTTATtCTTCCGGCTCGTcTAATGTcTGG,3,-5.084541180048446,6,lacUV5 mutants
702,TCGAGTgTAgACTcTATGCTTCCGGCTCGTATAATGTGTGG,3,-5.188639764794208,6,lacUV5 mutants
703,TCGAGTTTAaAtTTTATGCTTCCGGCTCGcATAATGTGTGG,3,-4.759640233720762,6,lacUV5 mutants
704,TCGAGTTTACACTTTATGCTaCCGGCTgGggTAATGTGTGG,4,-5.231746142054097,6,lacUV5 mutants
705,TCGAGTcTACACTTTATGCTTgCGGCTCGTtTAATGTcTGG,4,-4.862623750669914,6,lacUV5 mutants
706,TgGAGTTTcCACTTTATcCTTCCGGCTCGaATAATGTGTGG,4,-5.051173890839406,6,lacUV5 mutants
707,TCGAGTTTAgACTgTATGCTTCCGcCTCGTATcATGTGTGG,4,-5.225594199822457,6,lacUV5 mutants
708,TCGAGTTcAtACTTTATGCgTCCGGCTCGTATAAaGTGTGG,4,-5.165477578232061,6,lacUV5 mutants
709,TCGAGTcTAtAtTTTATGCTTCCGGCTCGTtTAATGTGTGG,4,-5.121556886263135,6,lacUV5 mutants
710,TCGAGTTTgCACTTTATGCTTCCGGCaCcTgTAATGTGTGG,4,-5.223605713946752,6,lacUV5 mutants
711,TCGAGcTcACACTTTATGCTTCgGaCTCGTATAATGTGTGG,4,-5.18508550575466,6,lacUV5 mutants
712,TCGAGTTTACACTTcATGCTTCCaGCTCGTATtAaGTGTGG,4,-5.1350834531723155,6,lacUV5 mutants
713,TaGAGcTTACACTTTATGCTTCCGaCTCGTATAAgGTGTGG,4,-4.866467698410027,6,lacUV5 mutants
714,TCGAGTTTACACTTTATGCTTaCGGCTCGcATAAaGTGTcG,4,-4.999197267619068,6,lacUV5 mutants
715,TCGAGTTTACACTTTATGCTTCCGGCTCGTcTcATGTGTct,4,-4.845889722393079,6,lacUV5 mutants
716,TCGAGTaTACACTTTcTGgTTCCGGCTCGgATAATGTGTGG,4,-4.851398586743361,6,lacUV5 mutants
717,TCcAGTTTACACTTTATGCTTCCGGCTCGTtTAtTaTGTGG,4,-4.826826557167091,6,lacUV5 mutants
718,cCGAGTTTAgACTTTgTtCTTCCGGCTCGTATAATGTGTGG,4,-5.195358975246186,6,lacUV5 mutants
719,TCaAGgTTACACTTTATGCTTCCGGCTCGTtTAATGTGTGc,4,-4.754551246432626,6,lacUV5 mutants
720,TCGtcTTTACACTTTATGCTTCCGGCTCGaATAtTGTGTGG,4,-5.153425045302684,6,lacUV5 mutants
721,TCGAGTTTACACTTTAcGCTagCGGCTCGTtTAATGTGTGG,4,-5.248423458438276,6,lacUV5 mutants
722,TCGAGTTTACACTTTcTGCTTCCGGCTCGTAgAAaGTGaGG,4,-5.108198841912853,6,lacUV5 mutants
723,TtGAGTaTAgACTTcATGCTTCCGGCTCGTATAATGTGTGG,4,-5.114641617014124,6,lacUV5 mutants
724,TCGAtTTTtCACaTTATGCTTCCGaCTCGTATAATGTGTGG,4,-5.150650636263135,6,lacUV5 mutants
725,TCGAGTTTAtACgTTATGCTTCCGGCTCGTcTcATGTGTGG,4,-4.970105415924153,6,lacUV5 mutants
726,TaGtGTTTACACTTTtTGCTTCCGGCTCaTgTAATGTGTGG,5,-5.0739572840032485,6,lacUV5 mutants
727,TCGAGTTTACACTaTATGCTaCgGGCTCGgATAgTGTGTGG,5,-4.935915147138842,6,lacUV5 mutants
728,TCGAtTgcACACTTTATGCTTCCGGCcCGTATAATGTGTtG,5,-4.807296886263135,6,lacUV5 mutants
729,TaGAGTcTACACTTTATcCTTCCcGCTCGTgTAATGTGTGG,5,-5.026843446997598,6,lacUV5 mutants
730,TCGAGTgTACcCTTTATcaTTCCGGCTCGTATAATGTGcGG,5,-5.220142899737711,6,lacUV5 mutants
731,TCGgGTTcACACTTTATGaTTCCGGCTCGTcTAATGTGTaG,5,-4.8509126477603095,6,lacUV5 mutants
732,TCGAGTTTtCACTTaATGCTTCCGcCTCGTATAtTGTGTGc,5,-5.148867222946326,6,lacUV5 mutants
733,TCGAGTTTACACTTTAcGtTTCCtGCTCGTtaAATGTGTGG,5,-5.077081429059746,6,lacUV5 mutants
734,TCGAGaTTACACTTTATtCaTCgGGCTCGTATAAgGTGTGG,5,-4.770104596028672,6,lacUV5 mutants
735,aCGAGTTTACACTTTATaCTTCCGGCTCGTAatAcGTGTGG,5,-4.798600115641667,6,lacUV5 mutants
736,TaGAGTTcACAtTTTATGCTTCCGGCTCacATAATGTGTGG,5,-5.09836042157387,6,lacUV5 mutants
737,TCGAGcTTACAtTTTATtCcTCCGGCTCGTATgATGTGTGG,5,-4.97973640026596,6,lacUV5 mutants
738,TCGAGTTTACgCTTTATGCTaCCGGCTgGTcTAgTGTGTGG,5,-5.088619828494773,6,lacUV5 mutants
739,TaGAGTTTcCACTTTATGtTTaCGGCTCGTATcATGTGTGG,5,-5.202882826856356,6,lacUV5 mutants
740,TgGAGTTTACACTcTATGCTTCCGGCaCGTcgAATGTGTGG,5,-5.081613856941102,6,lacUV5 mutants
741,aCGAGTaTACACTgTATGCTgCCGGCTCGTATAAcGTGTGG,5,-5.226489699116242,6,lacUV5 mutants
742,TaGAGaaTACACTTTATGCTTCCGGgTCGgATAATGTGTGG,5,-5.012572825528671,6,lacUV5 mutants
743,TCGAaTTTACACTTgAcGCTTCCGGCTCGTATAAacTGTGG,5,-5.133203324641242,6,lacUV5 mutants
744,TCGAGTaTACACcaTAcGCTTCCGGCTCGTtTAATGTGTGG,5,-4.8293386094269755,6,lacUV5 mutants
745,TCGAGTTTgCACTTTATGCTTaCGGCTCGTATgAcGTGTaG,5,-5.048997451234887,6,lacUV5 mutants
746,TCGAGTTTACcCTTgATGCaTCCGGCTCGTAcAATcTGTGG,5,-5.131613403615818,6,lacUV5 mutants
747,TCtAGTTTACACTTTAaGCTTtCGGCTCGTtTAATGTGcGG,5,-5.205084123996722,6,lacUV5 mutants
748,TCGAGTcTgCAaTTaATGCTTtCGGCTCGTtTAATGTGTGG,6,-4.896484231420902,6,lacUV5 mutants
749,TCGAGTTTAatCTTgATcCTTCCGGCTCGTATAATGTGaGc,6,-5.190002989330507,6,lacUV5 mutants
750,TCcAGTTTAaACTTTATGCTTCCGatTCGTATAATGcGTGa,6,-5.208319603777258,6,lacUV5 mutants
751,TCcAGTTTACACTTTgTaCTTCCGGCTCGaATAAcGgGTGG,6,-4.787378058579519,6,lacUV5 mutants
752,TCGAGTTTcCAaTTTAaGCTTCCGGaTCGcATAATGTGTcG,6,-5.003473002082343,6,lacUV5 mutants
753,TCGAGTTTACACTTgggGtTTCCGGCTCGTcTAATGTGgGG,6,-4.8205289341610165,6,lacUV5 mutants
754,TCGAGTTTACgtTTTATGCTcCtGGCTCGTtTAATGTGTtG,6,-4.989912668890253,6,lacUV5 mutants
755,TaGAGTcTAgACTTTAcGCTgCCaGCTCGTATAATGTGTGG,6,-5.230870513523022,6,lacUV5 mutants
756,TgGAGTTTcCACTTTATGCTTCCGGCTCGTATcATtTGgGt,6,-5.17446624335353,6,lacUV5 mutants
757,TtGAGTTTACACTTTATGgTTCCGaCTCtTcTAATGTcTGG,6,-5.245582216686864,6,lacUV5 mutants
758,TCGAGTTTcCACTTTtTaCTTgCGGCTCGTATAATccGTGG,6,-5.101146798692513,6,lacUV5 mutants
759,TCGAGTgTACcCTcaAatCTTCCGGCTCGTATAATGTGTGG,6,-4.982860499782485,6,lacUV5 mutants
760,TCGAGTTTACAgcTTAcGaTTCCGGCTCGTAaAAgGTGTGG,6,-5.21599127318404,6,lacUV5 mutants
761,TCGAGTTTACACTgTATcCTTCCGGCTCGTcaAATtTGTcG,6,-4.981669846715112,6,lacUV5 mutants
762,TCGAGTgcACACTTTATGCTTCCGGCgCtcATAATGTGTGc,6,-4.822253321291382,6,lacUV5 mutants
763,TCGAaTTTACACTTTAgGCTTCCGGgTCGgAcAATGTaTGG,6,-5.067565666222174,6,lacUV5 mutants
764,TCGAtTTTAgACaTTATGCTTCgaGCTCGTATAATGTGTcG,6,-4.972637396997598,6,lacUV5 mutants
765,TCGAGTTTACtCTTTATtCcTgCcGCTCGcATAATGTGTGG,6,-5.149152349418502,6,lacUV5 mutants
766,TCcAGTcTACACTTTtTGCTcCCGGCTaGTATAAcGTGTGG,6,-5.097007757873304,6,lacUV5 mutants
767,TCGAGTTTggACTTTgaGCTTCgGGCTCGTATAATGaGTGG,6,-5.161401865924151,6,lacUV5 mutants
768,cCGAGTTTACcCTTTATaCTTtCGGCTCGTcTAATGTGTaG,6,-5.090224756319632,6,lacUV5 mutants
769,TCGAGaTTACgCTTTATGCcTCCGcCTCGTAgAATGTGgGG,6,-5.053847755633192,6,lacUV5 mutants
770,TCGAGTTTACACTTTATGCTTCCGGCTCGgATAAaGTGTGG,2,-4.595494612251837,7,lacUV5 mutants
771,TCGAGTTTACACTTTATGCTTCCGGCTCGTtTgATGTGTGG,2,-4.648965756319633,7,lacUV5 mutants
772,TCGAGTTTcCACTTTATGCTTCCGGCTCGTATAAgGTGTGG,2,-4.340255530330931,7,lacUV5 mutants
773,TCGAGTTTAgACTTTATGCTTCCGGCTCGTATAAgGTGTGG,2,-4.352267171573869,7,lacUV5 mutants
774,TCGAGTTTACACTTTATGCTTCCGGCTCGatTAATGTGTGG,2,-4.7338321263761305,7,lacUV5 mutants
775,TCGAGTTTACcCTTTATGCTTCCGGCTCGTgTAATGTGTGG,2,-4.561186067054094,7,lacUV5 mutants
776,TCGAGTTTACACTTTATGCTTCCGGCTCGTATAgcGTGTGG,2,-4.678255374963701,7,lacUV5 mutants
777,TCGAGTTTACACTTTATGCTTCCGGCTCGTtTAgTGTGTGG,2,-4.645326702647317,7,lacUV5 mutants
778,TCGAGTTTACACTTTATGCTTCCGGCTCGgATAAgGTGTGG,2,-4.2785431292009894,7,lacUV5 mutants
779,TCGAGcTTACACTTTATGCTTCCGGCTCGgATAATGTGTGG,2,-4.589629160274434,7,lacUV5 mutants
780,TCGAGTTTACACTTTATGCTTCCGGCTCGTtTAAaGTGTGG,2,-4.44234149078291,7,lacUV5 mutants
781,TCGAGTTTACcCTTTATGCTTCCGGCTCGgATAATGTGTGG,2,-4.615831561404377,7,lacUV5 mutants
782,TCGAtTTTACACTTTATGCTTCCGGCTCGTATAAcGTGTGG,2,-4.655707211121892,7,lacUV5 mutants
783,TCGAGcTTACACTTTATGCTTCCGGCTCGTgTAATGTGTGG,2,-4.534983665924151,7,lacUV5 mutants
784,TCGAGTTTAacCTTTATGCTTCCGGCTCGTATAATGTGTGG,2,-4.744536620726412,7,lacUV5 mutants
785,TCGAGTTcACACTTTATGCTTCCGGCTCGTtTAATGTGTGG,2,-4.574420417336581,7,lacUV5 mutants
786,TCGAGTTTACACTTTATGCTTCCGGCTCGcgTAATGTGTGG,2,-4.424771109426978,7,lacUV5 mutants
787,TCGAtTTTACACTTTATGCTTCCGGCTCGTtTAATGTGTGG,2,-4.622778538805508,7,lacUV5 mutants
788,TCGAGTTTACACTTTATGCTTCCGGCTCGTgTAAaGTGTGG,2,-4.540849117901555,7,lacUV5 mutants
789,TCGAGTTaACACTTTATGCTTCCGGCTCGgATAATGTGTGG,2,-4.717858143325282,7,lacUV5 mutants
790,TCGAGTTcACACTTTATGCTTCCGGCTCGTATAAcGTGTGG,2,-4.607349089652965,7,lacUV5 mutants
791,TCGAGTTTACACTTTATGCTTCCGGCTCGTcTAAaGTGTGG,2,-4.3857623947377125,7,lacUV5 mutants
792,TCGAtTTTACACTTTATGCTTCCGGCTCGcAgAATGTGTGG,3,-4.476406095302683,7,lacUV5 mutants
793,TCcAGTTTtgACTTTATGCTTCCGGCTCGTATAATGTGTGG,3,-4.6301251616868635,7,lacUV5 mutants
794,TCGcGTTcACACTTTATGCTTCCGGCTCGTtTAATGTGTGG,3,-4.440694644172739,7,lacUV5 mutants
795,TCGAtTTTACACTTTATGCTTCCGGCaCGTtTAATGTGTGG,3,-4.6948480020823435,7,lacUV5 mutants
796,TCGAGTTcACACTTTATGCTTCCGGCTCGTATAAgGcGTGG,3,-4.4686920670540955,7,lacUV5 mutants
797,TCGAGTTTcaACTTTATGCTTCCGcCTCGTATAATGTGTGG,3,-4.393157849539971,7,lacUV5 mutants
798,TCGAGTTTACACTTTATGCTTCCGGtTCGTtTgATGTGTGG,3,-4.469700092477825,7,lacUV5 mutants
799,TCGAtTTTACACTTTATGCTTCgGGCTCGTATAAcGTGTGG,3,-4.713643966206638,7,lacUV5 mutants
800,TCGAGcTTACACTTTATGCTTCCGGCTCGTtTAATGTGaGG,3,-4.414115113099292,7,lacUV5 mutants
801,TCGAGTTTACACTTTATGCTcCCGGCTCGgATAAaGTGTGG,3,-4.508525855330932,7,lacUV5 mutants
802,TCGAGTTTACACTTTATGCTTCCGGCTCGTtTAgTGTGTtG,3,-4.693707846715114,7,lacUV5 mutants
803,TCGAGTTTACtCTTTATGCTTCCGGCTCGTATAtcGTGTGG,3,-4.295152394737711,7,lacUV5 mutants
804,TCGAGTTTgacCTTTATGCTTCCGGCTCGTATAATGTGTGG,3,-4.569867143325282,7,lacUV5 mutants
805,TCGAGTTTggcCTTTATGCTTCCGGCTCGTATAATGTGTGG,3,-4.514886126376129,7,lacUV5 mutants
806,TCGAGcTTcCACTTTATGCcTCCGGCTCGTATAATGTGTGG,3,-4.5490717985710445,7,lacUV5 mutants
807,TCGAGTTTAgAtTTTATGCTTCCGGCTCGgATAATGTGTGG,3,-4.40252892016144,7,lacUV5 mutants
808,TCGAGcTTACACTTTATGCTTCCGGCTCGTATAAgGTcTGG,3,-4.684461490782908,7,lacUV5 mutants
809,TCGAGTTTACACTTTATGgTTCCGGCTCGTgTtATGTGTGG,3,-4.6476205358959035,7,lacUV5 mutants
810,TCGAGTTaACACTTTAgGCTTCCGGCTCGgATAATGTGTGG,3,-4.608585883438276,7,lacUV5 mutants
811,TCGAGTTTACACTTTcTGCTTCCGGCTCGTcTcATGTGTGG,3,-4.500336250669914,7,lacUV5 mutants
812,TCGAGgTTACACTTTtTGCTTCCGGCTCGgATAATGTGTGG,3,-4.66732437213884,7,lacUV5 mutants
813,TCGAGcTTACACTTTATGCTTCCGGtTCGTgTAATGTGTGG,3,-4.355718002082344,7,lacUV5 mutants
814,TCGAGTTTACACaTTATGCTTCCGGCTCGcAcAAaGTGTGG,4,-4.408025184285735,7,lacUV5 mutants
815,TCGAGggTAaACTTTATGCTTCaGGCTCGTATAATGTGTGG,4,-4.584335048692514,7,lacUV5 mutants
816,TCGAGTaTACACTTTATGCTTCCGGCTCGTggAATGaGTGG,4,-4.464803874963699,7,lacUV5 mutants
817,TCGAGcTTACcaTTTATGCTTCCGGCTCGTATgATGTGTGG,4,-4.494128778918502,7,lacUV5 mutants
818,TCGAaTTTACACTTTATGCTTCCtGCTCGTATAtcGTGTGG,4,-4.420470721517372,7,lacUV5 mutants
819,TCGAGTTaACACTTTATGCcTCCGGCTCGTcTAATGTGgGG,4,-4.374739521169913,7,lacUV5 mutants
820,TCtAGTgTAgACTTTATGCTTCCGGCTCGTAgAATGTGTGG,4,-4.6725012785164965,7,lacUV5 mutants
821,TCGcGTTcACACTTTAcGCTTCCGGCTCGcATAATGTGTGG,4,-4.743876452082343,7,lacUV5 mutants
822,TCGAGTTTACACTTTATGCTTaCGGCTCtTcTtATGTGTGG,4,-4.561038072703814,7,lacUV5 mutants
823,TCGAGTTTACgCcTTATGCTTCCGGCTCaTtTAATGTGTGG,4,-4.427815836828107,7,lacUV5 mutants
824,TCtAGTTTAgACTTTATGCTTCCGGCTCGTAaAAgGTGTGG,4,-4.262606207895027,7,lacUV5 mutants
825,TCGAGTTTACACTTaATGCTTCaGGCTCGTtTgATGTGTGG,4,-4.60363178650565,7,lacUV5 mutants
826,TCGAGTTTACACTTTATtCTTCCGGCTCGTcTcATaTGTGG,4,-4.729762790217938,7,lacUV5 mutants
827,TCGAtcTTtCACTTTATGCTTCCGGaTCGTATAATGTGTGG,4,-4.649983651799858,7,lacUV5 mutants
828,TCGAGTTaAgACTTTATGaTTCCGGCTCGTATAATGaGTGG,4,-4.706571955387429,7,lacUV5 mutants
829,TCGAGTTTACACTTTATtCTTCCGGCcCGgATcATGTGTGG,4,-4.6144882563196346,7,lacUV5 mutants
830,TCGAGTTTcCACcTTATGCTTCCGGCaCGTATtATGTGTGG,4,-4.73968771535918,7,lacUV5 mutants
831,TCGAGTTcAaACTTTAaGCcTCCGGCTCGTATAATGTGTGG,4,-4.542273736424152,7,lacUV5 mutants
832,TCGttTTTACACTTTATGCTcCCGGCTCGTtTAATGTGTGG,4,-4.406383237534321,7,lacUV5 mutants
833,TCGAtTTTACACTTTATGCTTCCGGCTCcTAcAAaGTGTGG,4,-4.508128849539972,7,lacUV5 mutants
834,TCGAtTTaACACTTTAgGCTTCCGGCTCGTATtATGTGTGG,4,-4.351723680048446,7,lacUV5 mutants
835,TCGAGTTTACACTTTtTGCTTgCGGCTCGTgTgATGTGTGG,4,-4.502090487958051,7,lacUV5 mutants
836,TCGAGTTTACACTTTATGgTTCCGGCaCGcgTAATGTGcGG,5,-4.327561988720762,7,lacUV5 mutants
837,TCGAGTTTtCACTTTATGCTTCCGGCTCGTgTAATGTcaGa,5,-4.551646761404377,7,lacUV5 mutants
838,TgaAaTTTACcCTTTATGCTTCCGGCTCGTATAAgGTGTGG,5,-4.50572860976596,7,lacUV5 mutants
839,TCGtGTTTACACTTgATGCaTCCGGCTCGTATtAgGTGTGG,5,-4.535356195423728,7,lacUV5 mutants
840,TtGAGTTTcCACTTTATGCTTCCGtCTCGTAcAAgGTGTGG,5,-4.260425812816807,7,lacUV5 mutants
841,TCGAGTTTACACTTgATGCTTCaGGCTCGgATAtTGTGgGG,5,-4.65622516729661,7,lacUV5 mutants
842,TaGAtgTTtCACTTTATGCTTCCGGCTCGTATAATGTGTGa,5,-4.748505448410027,7,lacUV5 mutants
843,TCGAGaTTACACTTTATGCTTtCGGCaCaTgTAATGTGTGG,5,-4.738382971008898,7,lacUV5 mutants
844,TCGAGTTTACAaTTacTGCTTCCGGCTCGTgTAAaGTGTGG,5,-4.4438006890480235,7,lacUV5 mutants
845,TCGAGTTaAgACTTTATGCTTCCGGCgCcTATAATGcGTGG,5,-4.56341530434223,7,lacUV5 mutants
846,TCGAGTTTACACTTTATtCaTCCGGCTCtTATAggGTGTGG,5,-4.436770552808333,7,lacUV5 mutants
847,aCGAGTTTAgACTTTATGCTTCCGGgTCGTATAAgtTGTGG,5,-4.541610457449575,7,lacUV5 mutants
848,TCGAtTTTgCACTTTATGCTTCCGGCcCGaATAgTGTGTGG,5,-4.442498143325281,7,lacUV5 mutants
849,TCGcaTTTAgACTTTATGCTTCCGGgTCGTATAgTGTGTGG,5,-4.6545685311783895,7,lacUV5 mutants
850,TCGAGcTTAgACTTTATGCcTCCtGCTCGTATAATGaGTGG,5,-4.6994571874975986,7,lacUV5 mutants
851,TCGAGTTTAacCTTTATGCTTCCGGgTCGcATAATGTGTaG,5,-4.325504530330932,7,lacUV5 mutants
852,TCGAtTTTACgCTTTATGCTTCCcGtTCGTATgATGTGTGG,5,-4.600109640500424,7,lacUV5 mutants
853,TCGcGgTTACACTTTATGCTTCCGGCTCGgATAATGcGTGt,5,-4.540757039624717,7,lacUV5 mutants
854,TCGAGcTTACACTTTATGaTTCCGGtTCaTATAAaGTGTGG,5,-4.5002067293987285,7,lacUV5 mutants
855,cCGAGTTTgaACTTTATGCTTCCGGCTCGcATAATGTGgGG,5,-4.363942470443925,7,lacUV5 mutants
856,TCGAGTTTAaACTTTATGCaTCCGGtTCaaATAATGTGTGG,5,-4.494815131904377,7,lacUV5 mutants
857,TCGAGTgaACACTTaATGCcTCCGGCTCGTATAAaGTGTGG,5,-4.473873073107344,7,lacUV5 mutants
858,aCGAGTTTACACTTaATGCcTCCGGtTCGaATAAgGTGTGG,6,-4.707871330734464,7,lacUV5 mutants
859,TCGAGTgTAaACTTTATGCTTCCGGCTtcTATAAgGTGTaG,6,-4.597017595302683,7,lacUV5 mutants
860,TCGAcgTTACACTTTAaGCTTaCGaCTCGTtTAATGTGTGG,6,-4.503776561404377,7,lacUV5 mutants
861,TCaAcccTACACTTcATGCTTCCGGCTCGaATAATGTGTGG,6,-4.371432265319209,7,lacUV5 mutants
862,cCGAtTTTACACTTTAcGCTcCCGaCTCGTgTAATGTGTGG,6,-4.43105508414449,7,lacUV5 mutants
863,TCGAGTgTACACgTTATGCTTCCGGCTCGTAcAAgtTcTGG,6,-4.630635158862004,7,lacUV5 mutants
864,TCGAGTTTAggCTTTATGCcTCCGGCcCGTATAcTGTGTGc,6,-4.61372894263884,7,lacUV5 mutants
865,TCGAGTTTACACTTTAcGgTTCCGGCTCGcgTAATGTaTGc,6,-4.4544202565329085,7,lacUV5 mutants
866,TCGAaTTTACACTTTAaGCcTCCGGCTCGTAcAAcGTcTGG,6,-4.283267914390254,7,lacUV5 mutants
867,TCGtGTTaACACTTTATtCTgCCGGtTCGTATtATGTGTGG,6,-4.653083546856355,7,lacUV5 mutants
868,TtGAGTgTACcCTTaATGCTTCCGGCcCGaATAATGTGTGG,6,-4.708662878313558,7,lacUV5 mutants
869,TCGgGgaTACACTTTATtCTTCCGGCTCGcATAATGTGcGG,6,-4.349822972138841,7,lacUV5 mutants
870,aCGAGTTaACtgTTTATGCTTCCGGCTCGaATAtTGTGTGG,6,-4.3873486184665245,7,lacUV5 mutants
871,TCGAcTTTACACTTTAgtCTTCCGGCcCGTtcAATGTGTGG,6,-4.293939146150142,7,lacUV5 mutants
872,TCtAGTTTAaACTTTtTGCcTCCGGCTCGTATAtTGTtTGG,6,-4.6919467021238415,7,lacUV5 mutants
873,TCGAGTTTACcCTcTATGCcTCCGGCTCGTATAAgcTaTGG,6,-4.544585445761721,7,lacUV5 mutants
874,TCcAGTTTctACTTTATGCTTCCGGgTCGTgTAATGgGTGG,6,-4.435620119313982,7,lacUV5 mutants
875,TtGAGTaTACACTTTgTGtTTCCGGCTCGTtTAcTGTGTGG,6,-4.401076877703813,7,lacUV5 mutants
876,TCGAGaTTcgACTTTATGCTTCCGGaTacTATAATGTGTGG,6,-4.503671437110593,7,lacUV5 mutants
877,TCGAGTTTAaAtTTTATGCTTgCtGCTCGaATgATGTGTGG,6,-4.549283800613416,7,lacUV5 mutants
878,TCGtGgaTACACTTaATGCTTCCGGCTCGgATAATGTGTGc,6,-4.32146043848305,7,lacUV5 mutants
879,TCGAGTTTACcCTTTATGCTTggGGCaCGTATAAcGTGTGa,6,-4.686906490217935,7,lacUV5 mutants
880,TCGAGTTTACACTTTATGCTTCCGGCTCGggTAATGTGTGG,2,-4.122640812816809,8,lacUV5 mutants
881,TCGAGTTTACACTTTATGCTTCCGGCTCGTtTAAgGTGTGG,2,-4.125390007732062,8,lacUV5 mutants
882,TCGAGTTTAgACTTTATGCTTCCGGCTCGTtTAATGTGTGG,2,-4.097857228071044,8,lacUV5 mutants
883,TCGAGTTTACACTTTATGCTTCCGGCTCGTtTAAcGTGTGG,2,-3.903908736545621,8,lacUV5 mutants
884,TCGAGTTTACACTTTATGCTTCCGGCTCGTcTAAgGTGTGG,2,-4.068810911686865,8,lacUV5 mutants
885,TCGAGTTTAgACTTTATGCTTCCGGCTCGTcTAATGTGTGG,2,-4.041278132025846,8,lacUV5 mutants
886,TCGAGTTTcCACTTTATGCTTCCGGCTCGTgTAATGTGTGG,2,-4.184353213946751,8,lacUV5 mutants
887,TCGAGTTTcCACTTTATGCTTCCGGCTCGTcTAATGTGTGG,2,-4.029266490782908,8,lacUV5 mutants
888,TCGAGTTTACACTTTATGCTTCCGGCTCGgtTAATGTGTGG,2,-4.024133185698164,8,lacUV5 mutants
889,TCGAGTTTACACTTTATGCTTCCGGCTCGgActATGTGTGG,3,-4.246974160274436,8,lacUV5 mutants
890,TCGAGTTTACACgTTATGCTTCCGGCTCGTgTAAcGTGTGG,3,-4.102132927223587,8,lacUV5 mutants
891,TCGAGTTTcCACTTTATGCTTCCGGCTCGTcTAATGTaTGG,3,-4.187532262267372,8,lacUV5 mutants
892,TCGAGTTTACACTTTATGCTTCCGGCcCGgATAAgGTGTGG,3,-4.196272352364832,8,lacUV5 mutants
893,TCGAGTTTcCACTTTcTGCTTCCGGCTCGTATAAcGTGTGG,3,-3.8481095557546596,8,lacUV5 mutants
894,TCGAGTTTAaACTTTATGCTTCCGGCTCtTcTAATGTGTGG,3,-3.987665363664264,8,lacUV5 mutants
895,TCGAGTaaACACTTTATGCTTCCGGCTCGTgTAATGTGTGG,3,-4.22750235236483,8,lacUV5 mutants
896,TCGAGTTTAaACTTTATGCTTCCGcCTCGTATAAcGTGTGG,3,-4.211220999257485,8,lacUV5 mutants
897,TCGAGaTTACACTTTATGCTTCCGGCTCGTATAgcGTGTGG,3,-4.058866674398727,8,lacUV5 mutants
898,TaGAaTTTAgACTTTATGCTTCCGGCTCGTtTAATGTGTGG,4,-3.9076465854156766,8,lacUV5 mutants
899,TCGAGTTTACACTTTAgGCTTCCGGCTCGTcTAAcGTGTGa,4,-3.800952715359179,8,lacUV5 mutants
900,TCGAGTTaAgACTTTATGCTTCCaGCTCGcATAATGTGTGG,4,-3.8074083608394056,8,lacUV5 mutants
901,TCGAGTTTACACTTTATGCTTCCGGCTCGTtaAAacTGTGG,4,-4.008112069878955,8,lacUV5 mutants
902,TCGAGTTTAaACTTTATGCTTCgGGCTCGaATAAgGTGTGG,4,-3.7674981639467493,8,lacUV5 mutants
903,TCGAGcaTACACTTTATGCTTCCGGCTCGTATAAcGTaTGG,4,-4.191960185996185,8,lacUV5 mutants
904,TCGAGTTTACtCTTaATGCTTCCGGCTCGcATAAgGTGTGG,4,-4.168134107127117,8,lacUV5 mutants
905,TCGAGTTTACACTTTATtCTTCCGGCTCGgATAAaGcGTGG,4,-3.9513821800484465,8,lacUV5 mutants
906,TCGAGcTTACACTTTATGCTTCCGGCTCGgAgAATGTGaGG,4,-3.965612372986298,8,lacUV5 mutants
907,TCGAGgTTACgCTTggTGCTTCCGGCTCGTcTAATGTGTGG,5,-3.856229501194915,8,lacUV5 mutants
908,TCGAGTTTACACTTTATGCgcCCGGCTCGgATAAgGTGTGa,5,-4.17477754306257,8,lacUV5 mutants
909,TCGAtTTTACACTTTAaGCTTCCGGCTCGaATAgTGcGTGG,5,-4.127565004907202,8,lacUV5 mutants
910,TaGAGTTcACACTTTATGCTTCCGGCTCGTATgAcGTGaGG,5,-3.990784371573868,8,lacUV5 mutants
911,TtGAGgTTACACaTTATGCTTCCGGCTCGTgTtATGTGTGG,5,-4.01886939332528,8,lacUV5 mutants
912,TCGAGcTaACACTTTATGCTTCCcGCTCGcATAATGTGTcG,5,-3.9641625077320612,8,lacUV5 mutants
913,TCGAGTTTcCACTgTATGCTTCCGGCaCGTtTAcTGTGTGG,5,-4.002321047280083,8,lacUV5 mutants
914,TCGAaTTTAaACgTTATGCTTCCGGCTCGTATAAgcTGTGG,5,-3.8846297379580492,8,lacUV5 mutants
915,TCGAGTTatCACTTTAaGCTTCCGGCTCtTATcATGTGTGG,5,-4.188486434285734,8,lacUV5 mutants
916,cCGAtTTTtCACTTTcTGCTTaCGGCTCGTATAtTGTGTGG,6,-4.180322414511723,8,lacUV5 mutants
917,TaGAGcTTACcCTTTATGCTTCCGGCTCcTATcATGcGTGG,6,-4.048625817054094,8,lacUV5 mutants
918,gCGAcTTTACcgTTTATGCTTCCGGCTCGTATcAcGTGTGG,6,-3.818514188523021,8,lacUV5 mutants
919,TCGAGTTTACACcTTAaGCcTCCGGCTCaTtgAATGTGTGG,6,-4.121388220887429,8,lacUV5 mutants
920,TaGtGTTTACACTTTAaGCTTCCcGCTCGTcTAAaGTGTGG,6,-4.220794289652964,8,lacUV5 mutants
921,TCGAGTcTACACTTTgTGCTTCCGGCTCGTAggtTGTGTtG,6,-4.123044404624717,8,lacUV5 mutants
922,TCGAGTaaACtCTTTATGCTTCCGGCTCGTcTAATaTGTGt,6,-4.101019538777259,8,lacUV5 mutants
923,TCGAtTTTACACTTTtTGgTTCCtGCTCGcATAgTGTGTGG,6,-4.187420840076695,8,lacUV5 mutants
924,TCGAGTTaAaACTTTATGCTTCtGGCTCGaATAATtTGaGG,6,-3.9998483306134167,8,lacUV5 mutants
925,aCGAGTTTACACTTTATGCTTCCGGCTCGTATAATGTGTGG,1,-7.0681136749637,x,lacUV5 mutants
926,TaGAGTTTACACTTTATGCTTCCGGCTCGTATAATGTGTGG,1,-7.18040710518969,x,lacUV5 mutants
927,TCaAGTTTACACTTTATGCTTCCGGCTCGTATAATGTGTGG,1,-6.938273596715113,x,lacUV5 mutants
928,TCGcGTTTACACTTTATGCTTCCGGCTCGTATAATGTGTGG,1,-6.858331974681215,x,lacUV5 mutants
929,TCGAaTTTACACTTTATGCTTCCGGCTCGTATAATGTGTGG,1,-6.613497747845057,x,lacUV5 mutants
930,TCGAGaTTACACTTTATGCTTCCGGCTCGTATAATGTGTGG,1,-6.372669047280083,x,lacUV5 mutants
931,TCGAGTaTACACTTTATGCTTCCGGCTCGTATAATGTGTGG,1,-6.556347451234886,x,lacUV5 mutants
932,TCGAGTTaACACTTTATGCTTCCGGCTCGTATAATGTGTGG,1,-6.125243863664265,x,lacUV5 mutants
933,TCGAGTTTcCACTTTATGCTTCCGGCTCGTATAATGTGTGG,1,-5.646384428636016,x,lacUV5 mutants
934,TCGAGTTTAaACTTTATGCTTCCGGCTCGTATAATGTGTGG,1,-5.713377086828106,x,lacUV5 mutants
935,TCGAGTTTACcCTTTATGCTTCCGGCTCGTATAATGTGTGG,1,-6.02321728174336,x,lacUV5 mutants
936,TCGAGTTTACAaTTTATGCTTCCGGCTCGTATAATGTGTGG,1,-7.24056526196935,x,lacUV5 mutants
937,TCGAGTTTACACaTTATGCTTCCGGCTCGTATAATGTGTGG,1,-6.984648334003249,x,lacUV5 mutants
938,TCGAGTTTACACTaTATGCTTCCGGCTCGTATAATGTGTGG,1,-7.100947978071045,x,lacUV5 mutants
939,TCGAGTTTACACTTaATGCTTCCGGCTCGTATAATGTGTGG,1,-6.917166508257062,x,lacUV5 mutants
940,TCGAGTTTACACTTTcTGCTTCCGGCTCGTATAATGTGTGG,1,-6.721393044455225,x,lacUV5 mutants
941,TCGAGTTTACACTTTAaGCTTCCGGCTCGTATAATGTGTGG,1,-6.780322648974999,x,lacUV5 mutants
942,TCGAGTTTACACTTTATaCTTCCGGCTCGTATAATGTGTGG,1,-7.296116321291383,x,lacUV5 mutants
943,TCGAGTTTACACTTTATGaTTCCGGCTCGTATAATGTGTGG,1,-6.934904017534321,x,lacUV5 mutants
944,TCGAGTTTACACTTTATGCaTCCGGCTCGTATAATGTGTGG,1,-6.921659578232062,x,lacUV5 mutants
945,TCGAGTTTACACTTTATGCTaCCGGCTCGTATAATGTGTGG,1,-6.962666085556921,x,lacUV5 mutants
946,TCGAGTTTACACTTTATGCTTaCGGCTCGTATAATGTGTGG,1,-7.1422573523648305,x,lacUV5 mutants
947,TCGAGTTTACACTTTATGCTTCaGGCTCGTATAATGTGTGG,1,-7.021615017619069,x,lacUV5 mutants
948,TCGAGTTTACACTTTATGCTTCCaGCTCGTATAATGTGTGG,1,-7.113139346715113,x,lacUV5 mutants
949,TCGAGTTTACACTTTATGCTTCCGaCTCGTATAATGTGTGG,1,-6.979290106602119,x,lacUV5 mutants
950,TCGAGTTTACACTTTATGCTTCCGGaTCGTATAATGTGTGG,1,-7.466256575528672,x,lacUV5 mutants
951,TCGAGTTTACACTTTATGCTTCCGGCaCGTATAATGTGTGG,1,-7.064127211121893,x,lacUV5 mutants
952,TCGAGTTTACACTTTATGCTTCCGGCTaGTATAATGTGTGG,1,-7.532017112251836,x,lacUV5 mutants
953,TCGAGTTTACACTTTATGCTTCCGGCTCaTATAATGTGTGG,1,-6.720846406037148,x,lacUV5 mutants
954,TCGAGTTTACACTTTATGCTTCCGGCTCGaATAATGTGTGG,1,-6.29437096818404,x,lacUV5 mutants
955,TCGAGTTTACACTTTATGCTTCCGGCTCGTcTAATGTGTGG,1,-5.374939809991949,x,lacUV5 mutants
956,TCGAGTTTACACTTTATGCTTCCGGCTCGTAaAATGTGTGG,1,-6.801603341065396,x,lacUV5 mutants
957,TCGAGTTTACACTTTATGCTTCCGGCTCGTATcATGTGTGG,1,-6.388118891912853,x,lacUV5 mutants
958,TCGAGTTTACACTTTATGCTTCCGGCTCGTATAcTGTGTGG,1,-6.690780841065396,x,lacUV5 mutants
959,TCGAGTTTACACTTTATGCTTCCGGCTCGTATAAaGTGTGG,1,-6.00288033259082,x,lacUV5 mutants
960,TCGAGTTTACACTTTATGCTTCCGGCTCGTATAATaTGTGG,1,-7.234793722421328,x,lacUV5 mutants
961,TCGAGTTTACACTTTATGCTTCCGGCTCGTATAATGaGTGG,1,-6.964201247845057,x,lacUV5 mutants
962,TCGAGTTTACACTTTATGCTTCCGGCTCGTATAATGTaTGG,1,-7.15032351932952,x,lacUV5 mutants
963,TCGAGTTTACACTTTATGCTTCCGGCTCGTATAATGTGaGG,1,-6.969696822138842,x,lacUV5 mutants
964,TCGAGTTTACACTTTATGCTTCCGGCTCGTATAATGTGTaG,1,-7.383630643325283,x,lacUV5 mutants
965,TCGAGTTTACACTTTATGCTTCCGGCTCGTATAATGTGTGa,1,-7.054953082590819,x,lacUV5 mutants
966,cCGAGTTTACACTTTATGCTTCCGGCTCGTATAATGTGTGG,1,-6.95366467439873,x,lacUV5 mutants
967,TgGAGTTTACACTTTATGCTTCCGGCTCGTATAATGTGTGG,1,-7.213042125302684,x,lacUV5 mutants
968,TCcAGTTTACACTTTATGCTTCCGGCTCGTATAATGTGTGG,1,-6.976276528918503,x,lacUV5 mutants
969,TCGgGTTTACACTTTATGCTTCCGGCTCGTATAATGTGTGG,1,-6.990709909144491,x,lacUV5 mutants
970,TCGAcTTTACACTTTATGCTTCCGGCTCGTATAATGTGTGG,1,-6.812185473833757,x,lacUV5 mutants
971,TCGAGcTTACACTTTATGCTTCCGGCTCGTATAATGTGTGG,1,-5.997014880613417,x,lacUV5 mutants
972,TCGAGTcTACACTTTATGCTTCCGGCTCGTATAATGTGTGG,1,-6.43118925914449,x,lacUV5 mutants
973,TCGAGTTcACACTTTATGCTTCCGGCTCGTATAATGTGTGG,1,-6.134959259144491,x,lacUV5 mutants
974,TCGAGTTTgCACTTTATGCTTCCGGCTCGTATAATGTGTGG,1,-6.817388270443927,x,lacUV5 mutants
975,TCGAGTTTAgACTTTATGCTTCCGGCTCGTATAATGTGTGG,1,-5.658396069878954,x,lacUV5 mutants
976,TCGAGTTTACgCTTTATGCTTCCGGCTCGTATAATGTGTGG,1,-6.382824640500423,x,lacUV5 mutants
977,TCGAGTTTACAgTTTATGCTTCCGGCTCGTATAATGTGTGG,1,-7.045088538805509,x,lacUV5 mutants
978,TCGAGTTTACACcTTATGCTTCCGGCTCGTATAATGTGTGG,1,-6.8687991277885585,x,lacUV5 mutants
979,TCGAGTTTACACTcTATGCTTCCGGCTCGTATAATGTGTGG,1,-7.007333815641666,x,lacUV5 mutants
980,TCGAGTTTACACTTcATGCTTCCGGCTCGTATAATGTGTGG,1,-6.858686826053671,x,lacUV5 mutants
981,TCGAGTTTACACTTTgTGCTTCCGGCTCGTATAATGTGTGG,1,-6.851387865076695,x,lacUV5 mutants
982,TCGAGTTTACACTTTAcGCTTCCGGCTCGTATAATGTGTGG,1,-6.839956137675565,x,lacUV5 mutants
983,TCGAGTTTACACTTTATcCTTCCGGCTCGTATAATGTGTGG,1,-6.8735496122518365,x,lacUV5 mutants
984,TCGAGTTTACACTTTATGgTTCCGGCTCGTATAATGTGTGG,1,-6.965159307082344,x,lacUV5 mutants
985,TCGAGTTTACACTTTATGCcTCCGGCTCGTATAATGTGTGG,1,-6.889787985011723,x,lacUV5 mutants
986,TCGAGTTTACACTTTATGCTcCCGGCTCGTATAATGTGTGG,1,-6.905088990924152,x,lacUV5 mutants
987,TCGAGTTTACACTTTATGCTTgCGGCTCGTATAATGTGTGG,1,-6.990455572703813,x,lacUV5 mutants
988,TCGAGTTTACACTTTATGCTTCgGGCTCGTATAATGTGTGG,1,-7.049994502929802,x,lacUV5 mutants
989,TCGAGTTTACACTTTATGCTTCCcGCTCGTATAATGTGTGG,1,-6.979901928636017,x,lacUV5 mutants
990,TCGAGTTTACACTTTATGCTTCCGcCTCGTATAATGTGTGG,1,-7.017511829765961,x,lacUV5 mutants
991,TCGAGTTTACACTTTATGCTTCCGGgTCGTATAATGTGTGG,1,-7.2867081856981635,x,lacUV5 mutants
992,TCGAGTTTACACTTTATGCTTCCGGCcCGTATAATGTGTGG,1,-6.9097869710088995,x,lacUV5 mutants
993,TCGAGTTTACACTTTATGCTTCCGGCTgGTATAATGTGTGG,1,-8.130554739370481,x,lacUV5 mutants
994,TCGAGTTTACACTTTATGCTTCCGGCTCcTATAATGTGTGG,1,-6.788236942760311,x,lacUV5 mutants
995,TCGAGTTTACACTTTATGCTTCCGGCTCGcATAATGTGTGG,1,-5.8868023241162435,x,lacUV5 mutants
996,TCGAGTTTACACTTTATGCTTCCGGCTCGTgTAATGTGTGG,1,-5.530026533155792,x,lacUV5 mutants
997,TCGAGTTTACACTTTATGCTTCCGGCTCGTAcAATGTGTGG,1,-6.509867437110594,x,lacUV5 mutants
998,TCGAGTTTACACTTTATGCTTCCGGCTCGTATgATGTGTGG,1,-6.209504598127543,x,lacUV5 mutants
999,TCGAGTTTACACTTTATGCTTCCGGCTCGTATAgTGTGTGG,1,-6.205865544455227,x,lacUV5 mutants
1000,TCGAGTTTACACTTTATGCTTCCGGCTCGTATAAcGTGTGG,1,-5.464447578353531,x,lacUV5 mutants
1001,TCGAGTTTACACTTTATGCTTCCGGCTCGTATAATcTGTGG,1,-6.748282733720763,x,lacUV5 mutants
1002,TCGAGTTTACACTTTATGCTTCCGGCTCGTATAATGcGTGG,1,-6.631919454059746,x,lacUV5 mutants
1003,TCGAGTTTACACTTTATGCTTCCGGCTCGTATAATGTcTGG,1,-6.985633256319633,x,lacUV5 mutants
1004,TCGAGTTTACACTTTATGCTTCCGGCTCGTATAATGTGcGG,1,-6.849677604624718,x,lacUV5 mutants
1005,TCGAGTTTACACTTTATGCTTCCGGCTCGTATAATGTGTcG,1,-6.943430502082345,x,lacUV5 mutants
1006,TCGAGTTTACACTTTATGCTTCCGGCTCGTATAATGTGTGc,1,-7.0424411743987285,x,lacUV5 mutants
1007,gCGAGTTTACACTTTATGCTTCCGGCTCGTATAATGTGTGG,1,-7.045745163099293,x,lacUV5 mutants
1008,TtGAGTTTACACTTTATGCTTCCGGCTCGTATAATGTGTGG,1,-7.0173845133817805,x,lacUV5 mutants
1009,TCtAGTTTACACTTTATGCTTCCGGCTCGTATAATGTGTGG,1,-7.0928511909458765,x,lacUV5 mutants
1010,TCGtGTTTACACTTTATGCTTCCGGCTCGTATAATGTGTGG,1,-6.862631203494774,x,lacUV5 mutants
1011,TCGAtTTTACACTTTATGCTTCCGGCTCGTATAATGTGTGG,1,-6.183317380613418,x,lacUV5 mutants
1012,TCGAGgTTACACTTTATGCTTCCGGCTCGTATAATGTGTGG,1,-6.318490812816807,x,lacUV5 mutants
1013,TCGAGTgTACACTTTATGCTTCCGGCTCGTATAATGTGTGG,1,-6.507025374963701,x,lacUV5 mutants
1014,TCGAGTTgACACTTTATGCTTCCGGCTCGTATAATGTGTGG,1,-7.939353891912853,x,lacUV5 mutants
1015,TCGAGTTTtCACTTTATGCTTCCGGCTCGTATAATGTGTGG,1,-5.979568058579519,x,lacUV5 mutants
1016,TCGAGTTTAtACTTTATGCTTCCGGCTCGTATAATGTGTGG,1,-7.091445646150141,x,lacUV5 mutants
1017,TCGAGTTTACtCTTTATGCTTCCGGCTCGTATAATGTGTGG,1,-6.65440966874901,x,lacUV5 mutants
1018,TCGAGTTTACAtTTTATGCTTCCGGCTCGTATAATGTGTGG,1,-7.143576318466526,x,lacUV5 mutants
1019,TCGAGTTTACACgTTATGCTTCCGGCTCGTATAATGTGTGG,1,-7.091774311404378,x,lacUV5 mutants
1020,TCGAGTTTACACTgTATGCTTCCGGCTCGTATAATGTGTGG,1,-7.1377406517998585,x,lacUV5 mutants
1021,TCGAGTTTACACTTgATGCTTCCGGCTCGTATAATGTGTGG,1,-6.896817364189265,x,lacUV5 mutants
1022,TCGAGTTTACACTTTtTGCTTCCGGCTCGTATAATGTGTGG,1,-6.748277027506073,x,lacUV5 mutants
1023,TCGAGTTTACACTTTAgGCTTCCGGCTCGTATAATGTGTGG,1,-6.88278548795805,x,lacUV5 mutants
1024,TCGAGTTTACACTTTATtCTTCCGGCTCGTATAATGTGTGG,1,-6.708083609426978,x,lacUV5 mutants
1025,TCGAGTTTACACTTTATGtTTCCGGCTCGTATAATGTGTGG,1,-6.8139460401331915,x,lacUV5 mutants
1026,TCGAGTTTACACTTTATGCgTCCGGCTCGTATAATGTGTGG,1,-6.912365583881779,x,lacUV5 mutants
1027,TCGAGTTTACACTTTATGCTgCCGGCTCGTATAATGTGTGG,1,-6.968071334144491,x,lacUV5 mutants
1028,TCGAGTTTACACTTTATGCTTtCGGCTCGTATAATGTGTGG,1,-7.018944764794209,x,lacUV5 mutants
1029,TCGAGTTTACACTTTATGCTTCtGGCTCGTATAATGTGTGG,1,-7.046753660274436,x,lacUV5 mutants
1030,TCGAGTTTACACTTTATGCTTCCtGCTCGTATAATGTGTGG,1,-7.158287995528672,x,lacUV5 mutants
1031,TCGAGTTTACACTTTATGCTTCCGtCTCGTATAATGTGTGG,1,-7.369091575528672,x,lacUV5 mutants
1032,TCGAGTTTACACTTTATGCTTCCGGtTCGTATAATGTGTGG,1,-6.812792084003249,x,lacUV5 mutants
1033,TCGAGTTTACACTTTATGCTTCCGGCgCGTATAATGTGTGG,1,-7.3278499653591815,x,lacUV5 mutants
1034,TCGAGTTTACACTTTATGCTTCCGGCTtGTATAATGTGTGG,1,-7.479107437110594,x,lacUV5 mutants
1035,TCGAGTTTACACTTTATGCTTCCGGCTCtTATAATGTGTGG,1,-6.883463962534322,x,lacUV5 mutants
1036,TCGAGTTTACACTTTATGCTTCCGGCTCGgATAATGTGTGG,1,-5.584672027506074,x,lacUV5 mutants
1037,TCGAGTTTACACTTTATGCTTCCGGCTCGTtTAATGTGTGG,1,-5.431518906037147,x,lacUV5 mutants
1038,TCGAGTTTACACTTTATGCTTCCGGCTCGTAgAATGTGTGG,1,-6.390401886263136,x,lacUV5 mutants
1039,TCGAGTTTACACTTTATGCTTCCGGCTCGTATtATGTGTGG,1,-6.136550191347882,x,lacUV5 mutants
1040,TCGAGTTTACACTTTATGCTTCCGGCTCGTATAtTGTGTGG,1,-6.160410643325283,x,lacUV5 mutants
1041,TCGAGTTTACACTTTATGCTTCCGGCTCGTATAAgGTGTGG,1,-5.685928849539972,x,lacUV5 mutants
1042,TCGAGTTTACACTTTATGCTTCCGGCTCGTATAATtTGTGG,1,-6.8106946687490115,x,lacUV5 mutants
1043,TCGAGTTTACACTTTATGCTTCCGGCTCGTATAATGgGTGG,1,-6.86506753598065,x,lacUV5 mutants
1044,TCGAGTTTACACTTTATGCTTCCGGCTCGTATAATGTtTGG,1,-7.047531507732063,x,lacUV5 mutants
1045,TCGAGTTTACACTTTATGCTTCCGGCTCGTATAATGTGgGG,1,-6.960941106037147,x,lacUV5 mutants
1046,TCGAGTTTACACTTTATGCTTCCGGCTCGTATAATGTGTtG,1,-7.040438891912854,x,lacUV5 mutants
1047,TCGAGTTTACACTTTATGCTTCCGGCTCGTATAATGTGTGt,1,-7.115573761941102,x,lacUV5 mutants
